model,scenario,year,tas_c,anomaly
CESM2,historical,1850,14.0557,0.0304
CESM2,historical,1851,14.147,0.1217
CESM2,historical,1852,13.9846,-0.0407
CESM2,historical,1853,13.9875,-0.0378
CESM2,historical,1854,13.9497,-0.0756
CESM2,historical,1855,13.8035,-0.2218
CESM2,historical,1856,13.9299,-0.0954
CESM2,historical,1857,14.0245,-0.0008
CESM2,historical,1858,13.8952,-0.1301
CESM2,historical,1859,14.0494,0.0241
CESM2,historical,1860,14.163,0.1376
CESM2,historical,1861,14.0365,0.0112
CESM2,historical,1862,14.1845,0.1592
CESM2,historical,1863,14.1643,0.1389
CESM2,historical,1864,14.1508,0.1255
CESM2,historical,1865,14.0479,0.0226
CESM2,historical,1866,14.1333,0.108
CESM2,historical,1867,13.9872,-0.0381
CESM2,historical,1868,13.9296,-0.0957
CESM2,historical,1869,13.995,-0.0303
CESM2,historical,1870,13.9405,-0.0848
CESM2,historical,1871,13.9809,-0.0445
CESM2,historical,1872,14.2156,0.1903
CESM2,historical,1873,14.1745,0.1491
CESM2,historical,1874,13.9531,-0.0722
CESM2,historical,1875,14.0236,-0.0018
CESM2,historical,1876,13.9472,-0.0781
CESM2,historical,1877,14.0608,0.0355
CESM2,historical,1878,14.0833,0.058
CESM2,historical,1879,14.1434,0.1181
CESM2,historical,1880,14.2038,0.1784
CESM2,historical,1881,14.0603,0.035
CESM2,historical,1882,13.8148,-0.2105
CESM2,historical,1883,13.9984,-0.0269
CESM2,historical,1884,13.9359,-0.0894
CESM2,historical,1885,13.7839,-0.2414
CESM2,historical,1886,13.819,-0.2063
CESM2,historical,1887,13.9962,-0.0291
CESM2,historical,1888,14.0422,0.0169
CESM2,historical,1889,13.7805,-0.2448
CESM2,historical,1890,13.922,-0.1033
CESM2,historical,1891,14.1288,0.1034
CESM2,historical,1892,14.0441,0.0187
CESM2,historical,1893,14.0802,0.0549
CESM2,historical,1894,14.0896,0.0643
CESM2,historical,1895,14.0285,0.0032
CESM2,historical,1896,14.0352,0.0099
CESM2,historical,1897,14.0743,0.049
CESM2,historical,1898,14.1115,0.0862
CESM2,historical,1899,14.0902,0.0649
CESM2,historical,1900,14.1098,0.0845
CESM2,historical,1901,14.1146,0.0893
CESM2,historical,1902,14.1592,0.1339
CESM2,historical,1903,14.0787,0.0534
CESM2,historical,1904,14.199,0.1737
CESM2,historical,1905,14.075,0.0497
CESM2,historical,1906,14.1283,0.103
CESM2,historical,1907,14.0857,0.0603
CESM2,historical,1908,14.0067,-0.0186
CESM2,historical,1909,13.9974,-0.0279
CESM2,historical,1910,14.1266,0.1013
CESM2,historical,1911,14.1637,0.1384
CESM2,historical,1912,13.9222,-0.1031
CESM2,historical,1913,13.8998,-0.1255
CESM2,historical,1914,13.9506,-0.0747
CESM2,historical,1915,13.838,-0.1874
CESM2,historical,1916,13.9263,-0.099
CESM2,historical,1917,13.9988,-0.0265
CESM2,historical,1918,14.1063,0.081
CESM2,historical,1919,14.1508,0.1255
CESM2,historical,1920,14.0808,0.0555
CESM2,historical,1921,14.1311,0.1058
CESM2,historical,1922,14.1238,0.0984
CESM2,historical,1923,14.1899,0.1646
CESM2,historical,1924,14.1994,0.1741
CESM2,historical,1925,14.2741,0.2488
CESM2,historical,1926,14.1398,0.1145
CESM2,historical,1927,14.1931,0.1677
CESM2,historical,1928,14.3571,0.3318
CESM2,historical,1929,14.3538,0.3285
CESM2,historical,1930,14.324,0.2986
CESM2,historical,1931,14.0292,0.0039
CESM2,historical,1932,14.1863,0.161
CESM2,historical,1933,14.3542,0.3288
CESM2,historical,1934,14.3544,0.3291
CESM2,historical,1935,14.4571,0.4318
CESM2,historical,1936,14.3365,0.3112
CESM2,historical,1937,14.2982,0.2729
CESM2,historical,1938,14.1579,0.1326
CESM2,historical,1939,14.1906,0.1653
CESM2,historical,1940,14.3436,0.3183
CESM2,historical,1941,14.1147,0.0894
CESM2,historical,1942,14.2957,0.2704
CESM2,historical,1943,14.2184,0.1931
CESM2,historical,1944,14.1637,0.1384
CESM2,historical,1945,14.2167,0.1914
CESM2,historical,1946,14.325,0.2996
CESM2,historical,1947,14.0284,0.0031
CESM2,historical,1948,13.8744,-0.1509
CESM2,historical,1949,14.168,0.1427
CESM2,historical,1950,14.099,0.0737
CESM2,historical,1951,14.199,0.1737
CESM2,historical,1952,14.2972,0.2719
CESM2,historical,1953,14.2959,0.2706
CESM2,historical,1954,14.0617,0.0363
CESM2,historical,1955,14.3141,0.2887
CESM2,historical,1956,14.1754,0.1501
CESM2,historical,1957,14.0325,0.0072
CESM2,historical,1958,14.2742,0.2488
CESM2,historical,1959,14.3989,0.3736
CESM2,historical,1960,14.1125,0.0871
CESM2,historical,1961,14.0747,0.0494
CESM2,historical,1962,14.1363,0.111
CESM2,historical,1963,14.0874,0.0621
CESM2,historical,1964,14.1574,0.1321
CESM2,historical,1965,14.0897,0.0644
CESM2,historical,1966,13.9658,-0.0595
CESM2,historical,1967,14.0179,-0.0074
CESM2,historical,1968,13.9617,-0.0636
CESM2,historical,1969,13.999,-0.0263
CESM2,historical,1970,14.1675,0.1422
CESM2,historical,1971,14.426,0.4006
CESM2,historical,1972,14.2228,0.1975
CESM2,historical,1973,14.092,0.0667
CESM2,historical,1974,14.1841,0.1587
CESM2,historical,1975,14.1409,0.1156
CESM2,historical,1976,14.2578,0.2325
CESM2,historical,1977,14.3088,0.2835
CESM2,historical,1978,14.1757,0.1504
CESM2,historical,1979,14.342,0.3167
CESM2,historical,1980,14.2762,0.2509
CESM2,historical,1981,14.3346,0.3093
CESM2,historical,1982,14.3176,0.2923
CESM2,historical,1983,14.287,0.2617
CESM2,historical,1984,14.3746,0.3493
CESM2,historical,1985,14.3361,0.3108
CESM2,historical,1986,14.3655,0.3402
CESM2,historical,1987,14.5323,0.5069
CESM2,historical,1988,14.5294,0.5041
CESM2,historical,1989,14.4993,0.4739
CESM2,historical,1990,14.5541,0.5288
CESM2,historical,1991,14.6411,0.6158
CESM2,historical,1992,14.2537,0.2284
CESM2,historical,1993,14.5182,0.4929
CESM2,historical,1994,14.4382,0.4128
CESM2,historical,1995,14.3452,0.3199
CESM2,historical,1996,14.4924,0.4671
CESM2,historical,1997,14.7073,0.682
CESM2,historical,1998,14.6284,0.6031
CESM2,historical,1999,14.598,0.5727
CESM2,historical,2000,14.7338,0.7085
CESM2,historical,2001,14.8813,0.8559
CESM2,historical,2002,14.9556,0.9302
CESM2,historical,2003,14.8831,0.8577
CESM2,historical,2004,14.8922,0.8669
CESM2,historical,2005,14.8925,0.8672
CESM2,historical,2006,15.0169,0.9916
CESM2,historical,2007,15.1185,1.0932
CESM2,historical,2008,14.8988,0.8734
CESM2,historical,2009,14.8818,0.8564
CESM2,historical,2010,14.9465,0.9212
CESM2,historical,2011,15.0585,1.0332
CESM2,historical,2012,15.2362,1.2108
CESM2,historical,2013,15.1534,1.128
CESM2,historical,2014,14.9955,0.9702
CESM2,ssp126,2015,15.13,1.1047
CESM2,ssp126,2016,15.0444,1.0191
CESM2,ssp126,2017,15.0126,0.9873
CESM2,ssp126,2018,15.1594,1.1341
CESM2,ssp126,2019,15.3527,1.3274
CESM2,ssp126,2020,15.1522,1.1268
CESM2,ssp126,2021,15.0655,1.0402
CESM2,ssp126,2022,15.1589,1.1336
CESM2,ssp126,2023,15.3171,1.2917
CESM2,ssp126,2024,15.39,1.3646
CESM2,ssp126,2025,15.4017,1.3764
CESM2,ssp126,2026,15.4569,1.4316
CESM2,ssp126,2027,15.5896,1.5643
CESM2,ssp126,2028,15.6147,1.5894
CESM2,ssp126,2029,15.8379,1.8126
CESM2,ssp126,2030,15.7074,1.6821
CESM2,ssp126,2031,15.6072,1.5819
CESM2,ssp126,2032,15.761,1.7357
CESM2,ssp126,2033,15.9585,1.9332
CESM2,ssp126,2034,15.7297,1.7044
CESM2,ssp126,2035,15.9021,1.8768
CESM2,ssp126,2036,15.9007,1.8754
CESM2,ssp126,2037,15.8293,1.8039
CESM2,ssp126,2038,15.9846,1.9593
CESM2,ssp126,2039,16.0432,2.0179
CESM2,ssp126,2040,15.9057,1.8804
CESM2,ssp126,2041,15.9801,1.9548
CESM2,ssp126,2042,15.9615,1.9361
CESM2,ssp126,2043,15.8242,1.7989
CESM2,ssp126,2044,15.7753,1.7499
CESM2,ssp126,2045,15.9908,1.9655
CESM2,ssp126,2046,16.0451,2.0198
CESM2,ssp126,2047,16.0039,1.9786
CESM2,ssp126,2048,16.2241,2.1988
CESM2,ssp126,2049,16.3389,2.3135
CESM2,ssp126,2050,16.1725,2.1472
CESM2,ssp126,2051,16.0459,2.0206
CESM2,ssp126,2052,16.0835,2.0581
CESM2,ssp126,2053,16.0682,2.0429
CESM2,ssp126,2054,16.08,2.0547
CESM2,ssp126,2055,16.1122,2.0869
CESM2,ssp126,2056,16.0116,1.9863
CESM2,ssp126,2057,16.0493,2.024
CESM2,ssp126,2058,15.9356,1.9103
CESM2,ssp126,2059,16.0825,2.0572
CESM2,ssp126,2060,16.046,2.0206
CESM2,ssp126,2061,16.0973,2.0719
CESM2,ssp126,2062,15.9744,1.9491
CESM2,ssp126,2063,16.1668,2.1415
CESM2,ssp126,2064,16.2361,2.2107
CESM2,ssp126,2065,16.2855,2.2602
CESM2,ssp126,2066,16.1133,2.088
CESM2,ssp126,2067,16.2839,2.2586
CESM2,ssp126,2068,16.2203,2.195
CESM2,ssp126,2069,16.1872,2.1618
CESM2,ssp126,2070,16.2569,2.2316
CESM2,ssp126,2071,16.1624,2.1371
CESM2,ssp126,2072,16.2088,2.1835
CESM2,ssp126,2073,16.1732,2.1479
CESM2,ssp126,2074,16.3033,2.278
CESM2,ssp126,2075,16.193,2.1677
CESM2,ssp126,2076,16.2215,2.1962
CESM2,ssp126,2077,16.1392,2.1139
CESM2,ssp126,2078,16.1287,2.1034
CESM2,ssp126,2079,16.1494,2.1241
CESM2,ssp126,2080,16.1505,2.1252
CESM2,ssp126,2081,16.2505,2.2251
CESM2,ssp126,2082,16.1221,2.0968
CESM2,ssp126,2083,16.1434,2.1181
CESM2,ssp126,2084,16.1795,2.1542
CESM2,ssp126,2085,16.1391,2.1137
CESM2,ssp126,2086,16.2514,2.226
CESM2,ssp126,2087,16.2027,2.1774
CESM2,ssp126,2088,16.0956,2.0703
CESM2,ssp126,2089,16.168,2.1427
CESM2,ssp126,2090,16.2361,2.2107
CESM2,ssp126,2091,16.0443,2.019
CESM2,ssp126,2092,16.1212,2.0959
CESM2,ssp126,2093,16.1431,2.1178
CESM2,ssp126,2094,16.1358,2.1105
CESM2,ssp126,2095,16.3889,2.3636
CESM2,ssp126,2096,16.1472,2.1218
CESM2,ssp126,2097,16.2879,2.2626
CESM2,ssp126,2098,16.4026,2.3773
CESM2,ssp126,2099,16.3806,2.3553
CESM2,ssp126,2100,16.4074,2.3821
CESM2,ssp245,2015,15.1352,1.1099
CESM2,ssp245,2016,15.0516,1.0263
CESM2,ssp245,2017,14.991,0.9657
CESM2,ssp245,2018,15.087,1.0617
CESM2,ssp245,2019,15.1681,1.1428
CESM2,ssp245,2020,15.0178,0.9925
CESM2,ssp245,2021,15.0266,1.0013
CESM2,ssp245,2022,15.2425,1.2172
CESM2,ssp245,2023,15.4001,1.3748
CESM2,ssp245,2024,15.4636,1.4382
CESM2,ssp245,2025,15.2715,1.2462
CESM2,ssp245,2026,15.2026,1.1773
CESM2,ssp245,2027,15.4688,1.4434
CESM2,ssp245,2028,15.6399,1.6146
CESM2,ssp245,2029,15.6383,1.613
CESM2,ssp245,2030,15.6652,1.6399
CESM2,ssp245,2031,15.5341,1.5088
CESM2,ssp245,2032,15.4148,1.3894
CESM2,ssp245,2033,15.7428,1.7175
CESM2,ssp245,2034,15.8047,1.7794
CESM2,ssp245,2035,15.6969,1.6716
CESM2,ssp245,2036,15.8265,1.8012
CESM2,ssp245,2037,15.8301,1.8048
CESM2,ssp245,2038,15.8502,1.8249
CESM2,ssp245,2039,15.6665,1.6412
CESM2,ssp245,2040,15.8636,1.8383
CESM2,ssp245,2041,15.9913,1.966
CESM2,ssp245,2042,15.828,1.8027
CESM2,ssp245,2043,15.9564,1.9311
CESM2,ssp245,2044,16.1506,2.1253
CESM2,ssp245,2045,16.1308,2.1055
CESM2,ssp245,2046,16.21,2.1846
CESM2,ssp245,2047,16.0866,2.0613
CESM2,ssp245,2048,16.1145,2.0892
CESM2,ssp245,2049,16.3202,2.2948
CESM2,ssp245,2050,16.2386,2.2133
CESM2,ssp245,2051,16.3668,2.3415
CESM2,ssp245,2052,16.389,2.3637
CESM2,ssp245,2053,16.2881,2.2628
CESM2,ssp245,2054,16.261,2.2357
CESM2,ssp245,2055,16.0479,2.0226
CESM2,ssp245,2056,16.1705,2.1452
CESM2,ssp245,2057,16.2813,2.256
CESM2,ssp245,2058,16.2639,2.2386
CESM2,ssp245,2059,16.4077,2.3824
CESM2,ssp245,2060,16.2043,2.179
CESM2,ssp245,2061,16.4965,2.4712
CESM2,ssp245,2062,16.6993,2.674
CESM2,ssp245,2063,16.542,2.5167
CESM2,ssp245,2064,16.664,2.6387
CESM2,ssp245,2065,16.5355,2.5102
CESM2,ssp245,2066,16.5879,2.5626
CESM2,ssp245,2067,16.753,2.7276
CESM2,ssp245,2068,16.7687,2.7434
CESM2,ssp245,2069,16.6333,2.608
CESM2,ssp245,2070,16.7673,2.742
CESM2,ssp245,2071,16.8301,2.8048
CESM2,ssp245,2072,16.8563,2.831
CESM2,ssp245,2073,16.8823,2.857
CESM2,ssp245,2074,16.9377,2.9124
CESM2,ssp245,2075,16.7396,2.7143
CESM2,ssp245,2076,17.0175,2.9922
CESM2,ssp245,2077,17.0686,3.0433
CESM2,ssp245,2078,16.8628,2.8374
CESM2,ssp245,2079,17.0328,3.0075
CESM2,ssp245,2080,17.1001,3.0748
CESM2,ssp245,2081,16.9138,2.8885
CESM2,ssp245,2082,17.1367,3.1114
CESM2,ssp245,2083,17.0165,2.9912
CESM2,ssp245,2084,16.9907,2.9654
CESM2,ssp245,2085,17.1817,3.1564
CESM2,ssp245,2086,17.2439,3.2186
CESM2,ssp245,2087,17.2766,3.2513
CESM2,ssp245,2088,17.2846,3.2593
CESM2,ssp245,2089,17.2089,3.1836
CESM2,ssp245,2090,17.2058,3.1805
CESM2,ssp245,2091,17.3883,3.363
CESM2,ssp245,2092,17.3223,3.297
CESM2,ssp245,2093,17.3526,3.3273
CESM2,ssp245,2094,17.2689,3.2436
CESM2,ssp245,2095,17.3791,3.3538
CESM2,ssp245,2096,17.2372,3.2119
CESM2,ssp245,2097,17.4176,3.3923
CESM2,ssp245,2098,17.3722,3.3468
CESM2,ssp245,2099,17.2918,3.2665
CESM2,ssp245,2100,17.5756,3.5503
CESM2,ssp370,2015,15.189,1.1637
CESM2,ssp370,2016,15.1837,1.1584
CESM2,ssp370,2017,15.2814,1.256
CESM2,ssp370,2018,15.2989,1.2736
CESM2,ssp370,2019,14.9628,0.9375
CESM2,ssp370,2020,15.0133,0.9879
CESM2,ssp370,2021,15.1233,1.098
CESM2,ssp370,2022,15.2795,1.2542
CESM2,ssp370,2023,15.3233,1.298
CESM2,ssp370,2024,15.4362,1.4109
CESM2,ssp370,2025,15.2269,1.2015
CESM2,ssp370,2026,15.2539,1.2286
CESM2,ssp370,2027,15.4462,1.4209
CESM2,ssp370,2028,15.4497,1.4244
CESM2,ssp370,2029,15.411,1.3857
CESM2,ssp370,2030,15.4603,1.435
CESM2,ssp370,2031,15.5615,1.5361
CESM2,ssp370,2032,15.4638,1.4385
CESM2,ssp370,2033,15.4967,1.4714
CESM2,ssp370,2034,15.3822,1.3568
CESM2,ssp370,2035,15.6533,1.628
CESM2,ssp370,2036,15.7887,1.7634
CESM2,ssp370,2037,15.9493,1.924
CESM2,ssp370,2038,15.8483,1.823
CESM2,ssp370,2039,15.6299,1.6046
CESM2,ssp370,2040,15.8558,1.8305
CESM2,ssp370,2041,15.9217,1.8964
CESM2,ssp370,2042,15.8485,1.8232
CESM2,ssp370,2043,15.9341,1.9088
CESM2,ssp370,2044,16.121,2.0957
CESM2,ssp370,2045,16.2636,2.2383
CESM2,ssp370,2046,16.1884,2.1631
CESM2,ssp370,2047,15.9093,1.8839
CESM2,ssp370,2048,16.0521,2.0267
CESM2,ssp370,2049,16.2696,2.2443
CESM2,ssp370,2050,16.4548,2.4295
CESM2,ssp370,2051,16.3997,2.3744
CESM2,ssp370,2052,16.3877,2.3624
CESM2,ssp370,2053,16.5694,2.5441
CESM2,ssp370,2054,16.3806,2.3553
CESM2,ssp370,2055,16.6653,2.64
CESM2,ssp370,2056,16.7397,2.7144
CESM2,ssp370,2057,16.5727,2.5474
CESM2,ssp370,2058,16.4498,2.4245
CESM2,ssp370,2059,16.6295,2.6042
CESM2,ssp370,2060,16.651,2.6257
CESM2,ssp370,2061,16.6519,2.6266
CESM2,ssp370,2062,16.8141,2.7888
CESM2,ssp370,2063,16.8846,2.8593
CESM2,ssp370,2064,16.7049,2.6796
CESM2,ssp370,2065,16.8378,2.8125
CESM2,ssp370,2066,16.901,2.8757
CESM2,ssp370,2067,17.008,2.9827
CESM2,ssp370,2068,17.0478,3.0225
CESM2,ssp370,2069,16.9492,2.9239
CESM2,ssp370,2070,17.0786,3.0533
CESM2,ssp370,2071,17.0646,3.0393
CESM2,ssp370,2072,17.1705,3.1452
CESM2,ssp370,2073,17.0965,3.0711
CESM2,ssp370,2074,17.293,3.2677
CESM2,ssp370,2075,17.2705,3.2452
CESM2,ssp370,2076,17.0148,2.9895
CESM2,ssp370,2077,17.269,3.2437
CESM2,ssp370,2078,17.5398,3.5145
CESM2,ssp370,2079,17.4439,3.4186
CESM2,ssp370,2080,17.6067,3.5814
CESM2,ssp370,2081,17.6824,3.6571
CESM2,ssp370,2082,17.655,3.6297
CESM2,ssp370,2083,17.7006,3.6753
CESM2,ssp370,2084,17.8217,3.7964
CESM2,ssp370,2085,18.0112,3.9859
CESM2,ssp370,2086,18.0584,4.0331
CESM2,ssp370,2087,18.1208,4.0955
CESM2,ssp370,2088,18.0026,3.9773
CESM2,ssp370,2089,18.0236,3.9983
CESM2,ssp370,2090,18.0956,4.0703
CESM2,ssp370,2091,18.0404,4.015
CESM2,ssp370,2092,18.2175,4.1922
CESM2,ssp370,2093,18.3813,4.356
CESM2,ssp370,2094,18.3397,4.3144
CESM2,ssp370,2095,18.2388,4.2135
CESM2,ssp370,2096,18.4945,4.4691
CESM2,ssp370,2097,18.5809,4.5556
CESM2,ssp370,2098,18.4848,4.4595
CESM2,ssp370,2099,18.5705,4.5452
CESM2,ssp370,2100,18.6881,4.6628
CESM2,ssp585,2015,15.1039,1.0786
CESM2,ssp585,2016,15.0507,1.0254
CESM2,ssp585,2017,15.237,1.2117
CESM2,ssp585,2018,15.1428,1.1175
CESM2,ssp585,2019,15.1581,1.1328
CESM2,ssp585,2020,15.1908,1.1655
CESM2,ssp585,2021,15.4525,1.4272
CESM2,ssp585,2022,15.5084,1.4831
CESM2,ssp585,2023,15.4144,1.3891
CESM2,ssp585,2024,15.5241,1.4988
CESM2,ssp585,2025,15.6061,1.5808
CESM2,ssp585,2026,15.5367,1.5114
CESM2,ssp585,2027,15.7202,1.6948
CESM2,ssp585,2028,15.6378,1.6125
CESM2,ssp585,2029,15.6885,1.6632
CESM2,ssp585,2030,15.9443,1.919
CESM2,ssp585,2031,15.9095,1.8842
CESM2,ssp585,2032,15.7618,1.7365
CESM2,ssp585,2033,15.8963,1.871
CESM2,ssp585,2034,16.0854,2.0601
CESM2,ssp585,2035,15.9231,1.8978
CESM2,ssp585,2036,15.9706,1.9453
CESM2,ssp585,2037,16.0948,2.0695
CESM2,ssp585,2038,16.0821,2.0567
CESM2,ssp585,2039,16.3168,2.2915
CESM2,ssp585,2040,16.3589,2.3335
CESM2,ssp585,2041,16.1376,2.1123
CESM2,ssp585,2042,16.1712,2.1459
CESM2,ssp585,2043,16.3087,2.2834
CESM2,ssp585,2044,16.4088,2.3834
CESM2,ssp585,2045,16.1789,2.1536
CESM2,ssp585,2046,16.3213,2.296
CESM2,ssp585,2047,16.6376,2.6123
CESM2,ssp585,2048,16.5883,2.563
CESM2,ssp585,2049,16.5566,2.5313
CESM2,ssp585,2050,16.6985,2.6731
CESM2,ssp585,2051,16.7441,2.7188
CESM2,ssp585,2052,17.0413,3.016
CESM2,ssp585,2053,17.0158,2.9905
CESM2,ssp585,2054,16.971,2.9457
CESM2,ssp585,2055,16.9816,2.9563
CESM2,ssp585,2056,17.1303,3.105
CESM2,ssp585,2057,17.1642,3.1389
CESM2,ssp585,2058,17.1425,3.1172
CESM2,ssp585,2059,17.1551,3.1298
CESM2,ssp585,2060,17.2882,3.2629
CESM2,ssp585,2061,17.4244,3.3991
CESM2,ssp585,2062,17.5106,3.4853
CESM2,ssp585,2063,17.5271,3.5018
CESM2,ssp585,2064,17.3802,3.3549
CESM2,ssp585,2065,17.59,3.5647
CESM2,ssp585,2066,17.7486,3.7233
CESM2,ssp585,2067,17.6428,3.6175
CESM2,ssp585,2068,17.8551,3.8297
CESM2,ssp585,2069,17.8334,3.8081
CESM2,ssp585,2070,17.8494,3.8241
CESM2,ssp585,2071,18.0233,3.9979
CESM2,ssp585,2072,17.8761,3.8507
CESM2,ssp585,2073,18.0558,4.0305
CESM2,ssp585,2074,18.0437,4.0184
CESM2,ssp585,2075,18.2898,4.2645
CESM2,ssp585,2076,18.2984,4.2731
CESM2,ssp585,2077,18.4499,4.4246
CESM2,ssp585,2078,18.3954,4.3701
CESM2,ssp585,2079,18.4878,4.4624
CESM2,ssp585,2080,18.6222,4.5969
CESM2,ssp585,2081,18.6962,4.6709
CESM2,ssp585,2082,18.8446,4.8192
CESM2,ssp585,2083,18.8867,4.8614
CESM2,ssp585,2084,19.0344,5.0091
CESM2,ssp585,2085,19.0661,5.0408
CESM2,ssp585,2086,19.1657,5.1404
CESM2,ssp585,2087,19.0993,5.074
CESM2,ssp585,2088,19.3841,5.3588
CESM2,ssp585,2089,19.4377,5.4124
CESM2,ssp585,2090,19.5784,5.5531
CESM2,ssp585,2091,19.4754,5.4501
CESM2,ssp585,2092,19.6456,5.6203
CESM2,ssp585,2093,19.8578,5.8325
CESM2,ssp585,2094,19.8511,5.8258
CESM2,ssp585,2095,19.8918,5.8665
CESM2,ssp585,2096,19.9517,5.9264
CESM2,ssp585,2097,20.0512,6.0258
CESM2,ssp585,2098,20.0638,6.0385
CESM2,ssp585,2099,20.1695,6.1441
CESM2,ssp585,2100,20.3764,6.3511
GFDL-ESM4,historical,1850,13.3262,-0.0819
GFDL-ESM4,historical,1851,13.24,-0.1681
GFDL-ESM4,historical,1852,13.4502,0.0421
GFDL-ESM4,historical,1853,13.4969,0.0888
GFDL-ESM4,historical,1854,13.2848,-0.1233
GFDL-ESM4,historical,1855,13.2098,-0.1983
GFDL-ESM4,historical,1856,13.4358,0.0277
GFDL-ESM4,historical,1857,13.4853,0.0772
GFDL-ESM4,historical,1858,13.3262,-0.0819
GFDL-ESM4,historical,1859,13.3755,-0.0326
GFDL-ESM4,historical,1860,13.2942,-0.1139
GFDL-ESM4,historical,1861,13.2101,-0.198
GFDL-ESM4,historical,1862,13.2243,-0.1838
GFDL-ESM4,historical,1863,13.2612,-0.1469
GFDL-ESM4,historical,1864,13.3959,-0.0121
GFDL-ESM4,historical,1865,13.4807,0.0726
GFDL-ESM4,historical,1866,13.4784,0.0703
GFDL-ESM4,historical,1867,13.4414,0.0333
GFDL-ESM4,historical,1868,13.3683,-0.0398
GFDL-ESM4,historical,1869,13.3845,-0.0236
GFDL-ESM4,historical,1870,13.4227,0.0146
GFDL-ESM4,historical,1871,13.4211,0.013
GFDL-ESM4,historical,1872,13.4757,0.0676
GFDL-ESM4,historical,1873,13.3671,-0.041
GFDL-ESM4,historical,1874,13.4771,0.0689
GFDL-ESM4,historical,1875,13.4752,0.0671
GFDL-ESM4,historical,1876,13.3731,-0.035
GFDL-ESM4,historical,1877,13.3926,-0.0155
GFDL-ESM4,historical,1878,13.397,-0.0111
GFDL-ESM4,historical,1879,13.5646,0.1565
GFDL-ESM4,historical,1880,13.4103,0.0022
GFDL-ESM4,historical,1881,13.3702,-0.0379
GFDL-ESM4,historical,1882,13.2858,-0.1223
GFDL-ESM4,historical,1883,13.3873,-0.0208
GFDL-ESM4,historical,1884,13.033,-0.3751
GFDL-ESM4,historical,1885,13.0854,-0.3227
GFDL-ESM4,historical,1886,13.1789,-0.2292
GFDL-ESM4,historical,1887,13.2405,-0.1676
GFDL-ESM4,historical,1888,13.4695,0.0614
GFDL-ESM4,historical,1889,13.535,0.1269
GFDL-ESM4,historical,1890,13.445,0.0369
GFDL-ESM4,historical,1891,13.4634,0.0553
GFDL-ESM4,historical,1892,13.4613,0.0532
GFDL-ESM4,historical,1893,13.5165,0.1084
GFDL-ESM4,historical,1894,13.5326,0.1245
GFDL-ESM4,historical,1895,13.5716,0.1635
GFDL-ESM4,historical,1896,13.6452,0.2371
GFDL-ESM4,historical,1897,13.611,0.2029
GFDL-ESM4,historical,1898,13.5566,0.1485
GFDL-ESM4,historical,1899,13.7135,0.3054
GFDL-ESM4,historical,1900,13.7647,0.3566
GFDL-ESM4,historical,1901,13.5413,0.1332
GFDL-ESM4,historical,1902,13.4941,0.086
GFDL-ESM4,historical,1903,13.3769,-0.0312
GFDL-ESM4,historical,1904,13.6603,0.2522
GFDL-ESM4,historical,1905,13.6379,0.2298
GFDL-ESM4,historical,1906,13.5674,0.1593
GFDL-ESM4,historical,1907,13.5836,0.1754
GFDL-ESM4,historical,1908,13.6006,0.1925
GFDL-ESM4,historical,1909,13.7534,0.3453
GFDL-ESM4,historical,1910,13.7703,0.3623
GFDL-ESM4,historical,1911,13.7701,0.362
GFDL-ESM4,historical,1912,13.4082,0.0001
GFDL-ESM4,historical,1913,13.3225,-0.0856
GFDL-ESM4,historical,1914,13.6108,0.2027
GFDL-ESM4,historical,1915,13.6736,0.2655
GFDL-ESM4,historical,1916,13.6496,0.2415
GFDL-ESM4,historical,1917,13.5917,0.1836
GFDL-ESM4,historical,1918,13.6683,0.2602
GFDL-ESM4,historical,1919,13.7814,0.3733
GFDL-ESM4,historical,1920,13.7939,0.3858
GFDL-ESM4,historical,1921,13.5905,0.1824
GFDL-ESM4,historical,1922,13.6504,0.2423
GFDL-ESM4,historical,1923,13.736,0.3278
GFDL-ESM4,historical,1924,13.6402,0.2321
GFDL-ESM4,historical,1925,13.5924,0.1843
GFDL-ESM4,historical,1926,13.5494,0.1413
GFDL-ESM4,historical,1927,13.7047,0.2966
GFDL-ESM4,historical,1928,13.805,0.3969
GFDL-ESM4,historical,1929,13.7202,0.3121
GFDL-ESM4,historical,1930,13.659,0.2509
GFDL-ESM4,historical,1931,13.7423,0.3342
GFDL-ESM4,historical,1932,13.8163,0.4082
GFDL-ESM4,historical,1933,13.7658,0.3577
GFDL-ESM4,historical,1934,13.6503,0.2422
GFDL-ESM4,historical,1935,13.6395,0.2314
GFDL-ESM4,historical,1936,13.5691,0.161
GFDL-ESM4,historical,1937,13.5368,0.1287
GFDL-ESM4,historical,1938,13.6331,0.225
GFDL-ESM4,historical,1939,13.697,0.2889
GFDL-ESM4,historical,1940,13.7205,0.3124
GFDL-ESM4,historical,1941,13.5115,0.1034
GFDL-ESM4,historical,1942,13.523,0.1149
GFDL-ESM4,historical,1943,13.6447,0.2366
GFDL-ESM4,historical,1944,13.5709,0.1628
GFDL-ESM4,historical,1945,13.3529,-0.0552
GFDL-ESM4,historical,1946,13.4419,0.0338
GFDL-ESM4,historical,1947,13.6401,0.232
GFDL-ESM4,historical,1948,13.548,0.1399
GFDL-ESM4,historical,1949,13.4995,0.0914
GFDL-ESM4,historical,1950,13.5909,0.1828
GFDL-ESM4,historical,1951,13.4948,0.0867
GFDL-ESM4,historical,1952,13.5165,0.1084
GFDL-ESM4,historical,1953,13.6332,0.2251
GFDL-ESM4,historical,1954,13.6304,0.2223
GFDL-ESM4,historical,1955,13.5661,0.158
GFDL-ESM4,historical,1956,13.5066,0.0985
GFDL-ESM4,historical,1957,13.5515,0.1434
GFDL-ESM4,historical,1958,13.6779,0.2698
GFDL-ESM4,historical,1959,13.7364,0.3283
GFDL-ESM4,historical,1960,13.6212,0.2131
GFDL-ESM4,historical,1961,13.5501,0.142
GFDL-ESM4,historical,1962,13.5723,0.1642
GFDL-ESM4,historical,1963,13.4349,0.0268
GFDL-ESM4,historical,1964,13.1361,-0.272
GFDL-ESM4,historical,1965,13.2384,-0.1697
GFDL-ESM4,historical,1966,13.4687,0.0606
GFDL-ESM4,historical,1967,13.542,0.1339
GFDL-ESM4,historical,1968,13.5297,0.1216
GFDL-ESM4,historical,1969,13.507,0.0989
GFDL-ESM4,historical,1970,13.4466,0.0385
GFDL-ESM4,historical,1971,13.4689,0.0608
GFDL-ESM4,historical,1972,13.6619,0.2538
GFDL-ESM4,historical,1973,13.7008,0.2927
GFDL-ESM4,historical,1974,13.5599,0.1518
GFDL-ESM4,historical,1975,13.4002,-0.0079
GFDL-ESM4,historical,1976,13.5545,0.1464
GFDL-ESM4,historical,1977,13.6788,0.2707
GFDL-ESM4,historical,1978,13.5957,0.1876
GFDL-ESM4,historical,1979,13.5415,0.1334
GFDL-ESM4,historical,1980,13.4924,0.0843
GFDL-ESM4,historical,1981,13.6648,0.2567
GFDL-ESM4,historical,1982,13.7534,0.3453
GFDL-ESM4,historical,1983,13.4961,0.088
GFDL-ESM4,historical,1984,13.4067,-0.0014
GFDL-ESM4,historical,1985,13.4919,0.0838
GFDL-ESM4,historical,1986,13.6566,0.2485
GFDL-ESM4,historical,1987,13.6818,0.2737
GFDL-ESM4,historical,1988,13.6213,0.2132
GFDL-ESM4,historical,1989,13.7346,0.3265
GFDL-ESM4,historical,1990,13.9972,0.589
GFDL-ESM4,historical,1991,13.9955,0.5874
GFDL-ESM4,historical,1992,13.3322,-0.0759
GFDL-ESM4,historical,1993,13.4111,0.003
GFDL-ESM4,historical,1994,13.6595,0.2514
GFDL-ESM4,historical,1995,13.6427,0.2346
GFDL-ESM4,historical,1996,13.7238,0.3157
GFDL-ESM4,historical,1997,13.8054,0.3973
GFDL-ESM4,historical,1998,13.8601,0.452
GFDL-ESM4,historical,1999,13.9006,0.4925
GFDL-ESM4,historical,2000,14.0135,0.6054
GFDL-ESM4,historical,2001,14.1363,0.7282
GFDL-ESM4,historical,2002,14.0854,0.6773
GFDL-ESM4,historical,2003,14.0177,0.6096
GFDL-ESM4,historical,2004,14.1019,0.6938
GFDL-ESM4,historical,2005,14.0392,0.6311
GFDL-ESM4,historical,2006,13.9515,0.5434
GFDL-ESM4,historical,2007,14.006,0.5979
GFDL-ESM4,historical,2008,14.0903,0.6822
GFDL-ESM4,historical,2009,14.1918,0.7837
GFDL-ESM4,historical,2010,14.0961,0.688
GFDL-ESM4,historical,2011,14.1144,0.7063
GFDL-ESM4,historical,2012,14.2887,0.8806
GFDL-ESM4,historical,2013,14.3955,0.9874
GFDL-ESM4,historical,2014,14.1258,0.7177
GFDL-ESM4,ssp126,2015,14.1917,0.7836
GFDL-ESM4,ssp126,2016,14.2585,0.8504
GFDL-ESM4,ssp126,2017,14.4329,1.0248
GFDL-ESM4,ssp126,2018,14.2406,0.8325
GFDL-ESM4,ssp126,2019,14.3389,0.9308
GFDL-ESM4,ssp126,2020,14.5452,1.1372
GFDL-ESM4,ssp126,2021,14.6776,1.2695
GFDL-ESM4,ssp126,2022,14.4646,1.0565
GFDL-ESM4,ssp126,2023,14.3999,0.9918
GFDL-ESM4,ssp126,2024,14.4639,1.0558
GFDL-ESM4,ssp126,2025,14.6507,1.2426
GFDL-ESM4,ssp126,2026,14.6299,1.2218
GFDL-ESM4,ssp126,2027,14.4834,1.0753
GFDL-ESM4,ssp126,2028,14.5448,1.1367
GFDL-ESM4,ssp126,2029,14.7178,1.3097
GFDL-ESM4,ssp126,2030,14.6866,1.2785
GFDL-ESM4,ssp126,2031,14.6785,1.2704
GFDL-ESM4,ssp126,2032,14.5786,1.1705
GFDL-ESM4,ssp126,2033,14.7722,1.3641
GFDL-ESM4,ssp126,2034,14.787,1.3789
GFDL-ESM4,ssp126,2035,14.589,1.1809
GFDL-ESM4,ssp126,2036,14.652,1.2439
GFDL-ESM4,ssp126,2037,14.7931,1.385
GFDL-ESM4,ssp126,2038,14.6707,1.2626
GFDL-ESM4,ssp126,2039,14.6638,1.2557
GFDL-ESM4,ssp126,2040,14.6148,1.2067
GFDL-ESM4,ssp126,2041,14.8266,1.4185
GFDL-ESM4,ssp126,2042,14.8102,1.4021
GFDL-ESM4,ssp126,2043,14.8198,1.4117
GFDL-ESM4,ssp126,2044,14.6607,1.2526
GFDL-ESM4,ssp126,2045,14.7566,1.3485
GFDL-ESM4,ssp126,2046,14.8794,1.4713
GFDL-ESM4,ssp126,2047,14.7739,1.3658
GFDL-ESM4,ssp126,2048,14.7465,1.3384
GFDL-ESM4,ssp126,2049,14.896,1.4879
GFDL-ESM4,ssp126,2050,14.8023,1.3942
GFDL-ESM4,ssp126,2051,14.8133,1.4052
GFDL-ESM4,ssp126,2052,14.8135,1.4054
GFDL-ESM4,ssp126,2053,14.741,1.3329
GFDL-ESM4,ssp126,2054,14.8615,1.4534
GFDL-ESM4,ssp126,2055,14.9704,1.5623
GFDL-ESM4,ssp126,2056,14.9109,1.5028
GFDL-ESM4,ssp126,2057,14.8007,1.3926
GFDL-ESM4,ssp126,2058,14.6778,1.2697
GFDL-ESM4,ssp126,2059,14.7616,1.3535
GFDL-ESM4,ssp126,2060,14.9231,1.515
GFDL-ESM4,ssp126,2061,14.9782,1.5701
GFDL-ESM4,ssp126,2062,14.8583,1.4502
GFDL-ESM4,ssp126,2063,14.7872,1.3791
GFDL-ESM4,ssp126,2064,14.7763,1.3682
GFDL-ESM4,ssp126,2065,14.8161,1.408
GFDL-ESM4,ssp126,2066,14.9793,1.5712
GFDL-ESM4,ssp126,2067,14.8538,1.4457
GFDL-ESM4,ssp126,2068,14.9694,1.5613
GFDL-ESM4,ssp126,2069,14.9986,1.5905
GFDL-ESM4,ssp126,2070,14.8964,1.4883
GFDL-ESM4,ssp126,2071,14.8211,1.413
GFDL-ESM4,ssp126,2072,14.8462,1.438
GFDL-ESM4,ssp126,2073,14.7636,1.3555
GFDL-ESM4,ssp126,2074,14.8045,1.3964
GFDL-ESM4,ssp126,2075,14.7462,1.3381
GFDL-ESM4,ssp126,2076,14.6361,1.228
GFDL-ESM4,ssp126,2077,14.9236,1.5155
GFDL-ESM4,ssp126,2078,15.0703,1.6622
GFDL-ESM4,ssp126,2079,14.8301,1.422
GFDL-ESM4,ssp126,2080,14.9315,1.5234
GFDL-ESM4,ssp126,2081,14.8155,1.4074
GFDL-ESM4,ssp126,2082,15.0604,1.6522
GFDL-ESM4,ssp126,2083,14.8992,1.491
GFDL-ESM4,ssp126,2084,14.6795,1.2714
GFDL-ESM4,ssp126,2085,14.769,1.3609
GFDL-ESM4,ssp126,2086,14.9656,1.5575
GFDL-ESM4,ssp126,2087,14.838,1.4299
GFDL-ESM4,ssp126,2088,14.8482,1.4401
GFDL-ESM4,ssp126,2089,14.8835,1.4754
GFDL-ESM4,ssp126,2090,14.8859,1.4778
GFDL-ESM4,ssp126,2091,14.814,1.406
GFDL-ESM4,ssp126,2092,14.8512,1.4431
GFDL-ESM4,ssp126,2093,14.8175,1.4094
GFDL-ESM4,ssp126,2094,14.7187,1.3106
GFDL-ESM4,ssp126,2095,14.5833,1.1752
GFDL-ESM4,ssp126,2096,14.6408,1.2326
GFDL-ESM4,ssp126,2097,14.9081,1.4999
GFDL-ESM4,ssp126,2098,14.768,1.3599
GFDL-ESM4,ssp126,2099,14.7882,1.3801
GFDL-ESM4,ssp126,2100,14.787,1.3789
GFDL-ESM4,ssp245,2015,14.1587,0.7506
GFDL-ESM4,ssp245,2016,14.3421,0.934
GFDL-ESM4,ssp245,2017,14.5082,1.1001
GFDL-ESM4,ssp245,2018,14.5888,1.1807
GFDL-ESM4,ssp245,2019,14.5747,1.1666
GFDL-ESM4,ssp245,2020,14.323,0.9149
GFDL-ESM4,ssp245,2021,14.386,0.9779
GFDL-ESM4,ssp245,2022,14.5759,1.1678
GFDL-ESM4,ssp245,2023,14.6647,1.2566
GFDL-ESM4,ssp245,2024,14.5833,1.1752
GFDL-ESM4,ssp245,2025,14.5826,1.1744
GFDL-ESM4,ssp245,2026,14.6984,1.2903
GFDL-ESM4,ssp245,2027,14.6068,1.1988
GFDL-ESM4,ssp245,2028,14.5858,1.1776
GFDL-ESM4,ssp245,2029,14.5888,1.1807
GFDL-ESM4,ssp245,2030,14.7464,1.3383
GFDL-ESM4,ssp245,2031,14.6472,1.2391
GFDL-ESM4,ssp245,2032,14.6759,1.2678
GFDL-ESM4,ssp245,2033,14.5542,1.1461
GFDL-ESM4,ssp245,2034,14.6467,1.2386
GFDL-ESM4,ssp245,2035,14.7866,1.3785
GFDL-ESM4,ssp245,2036,14.8212,1.4131
GFDL-ESM4,ssp245,2037,14.8829,1.4748
GFDL-ESM4,ssp245,2038,14.8495,1.4414
GFDL-ESM4,ssp245,2039,14.8047,1.3966
GFDL-ESM4,ssp245,2040,14.7539,1.3458
GFDL-ESM4,ssp245,2041,14.7953,1.3872
GFDL-ESM4,ssp245,2042,14.6744,1.2663
GFDL-ESM4,ssp245,2043,14.7778,1.3697
GFDL-ESM4,ssp245,2044,14.8171,1.409
GFDL-ESM4,ssp245,2045,14.7989,1.3908
GFDL-ESM4,ssp245,2046,14.8922,1.4841
GFDL-ESM4,ssp245,2047,14.9872,1.5791
GFDL-ESM4,ssp245,2048,14.8597,1.4516
GFDL-ESM4,ssp245,2049,15.0442,1.6362
GFDL-ESM4,ssp245,2050,14.9559,1.5478
GFDL-ESM4,ssp245,2051,15.0157,1.6077
GFDL-ESM4,ssp245,2052,15.0108,1.6027
GFDL-ESM4,ssp245,2053,15.1991,1.791
GFDL-ESM4,ssp245,2054,15.004,1.5959
GFDL-ESM4,ssp245,2055,15.1031,1.695
GFDL-ESM4,ssp245,2056,15.2612,1.8531
GFDL-ESM4,ssp245,2057,15.3329,1.9248
GFDL-ESM4,ssp245,2058,15.0015,1.5934
GFDL-ESM4,ssp245,2059,15.2247,1.8166
GFDL-ESM4,ssp245,2060,15.3405,1.9324
GFDL-ESM4,ssp245,2061,15.3979,1.9898
GFDL-ESM4,ssp245,2062,15.1752,1.7671
GFDL-ESM4,ssp245,2063,15.264,1.8559
GFDL-ESM4,ssp245,2064,15.347,1.9389
GFDL-ESM4,ssp245,2065,15.1495,1.7414
GFDL-ESM4,ssp245,2066,15.1892,1.781
GFDL-ESM4,ssp245,2067,15.3147,1.9066
GFDL-ESM4,ssp245,2068,15.3568,1.9487
GFDL-ESM4,ssp245,2069,15.2982,1.8901
GFDL-ESM4,ssp245,2070,15.1734,1.7653
GFDL-ESM4,ssp245,2071,15.2643,1.8562
GFDL-ESM4,ssp245,2072,15.4497,2.0416
GFDL-ESM4,ssp245,2073,15.4542,2.046
GFDL-ESM4,ssp245,2074,15.3743,1.9662
GFDL-ESM4,ssp245,2075,15.457,2.0489
GFDL-ESM4,ssp245,2076,15.5517,2.1436
GFDL-ESM4,ssp245,2077,15.6666,2.2585
GFDL-ESM4,ssp245,2078,15.4669,2.0588
GFDL-ESM4,ssp245,2079,15.5293,2.1212
GFDL-ESM4,ssp245,2080,15.6246,2.2165
GFDL-ESM4,ssp245,2081,15.4583,2.0502
GFDL-ESM4,ssp245,2082,15.6997,2.2916
GFDL-ESM4,ssp245,2083,15.6716,2.2635
GFDL-ESM4,ssp245,2084,15.4791,2.071
GFDL-ESM4,ssp245,2085,15.6713,2.2632
GFDL-ESM4,ssp245,2086,15.7973,2.3892
GFDL-ESM4,ssp245,2087,15.4157,2.0076
GFDL-ESM4,ssp245,2088,15.6022,2.1941
GFDL-ESM4,ssp245,2089,15.704,2.2959
GFDL-ESM4,ssp245,2090,15.6409,2.2328
GFDL-ESM4,ssp245,2091,15.4673,2.0592
GFDL-ESM4,ssp245,2092,15.7143,2.3062
GFDL-ESM4,ssp245,2093,15.603,2.1949
GFDL-ESM4,ssp245,2094,15.6895,2.2814
GFDL-ESM4,ssp245,2095,15.8749,2.4667
GFDL-ESM4,ssp245,2096,15.5557,2.1476
GFDL-ESM4,ssp245,2097,15.7485,2.3404
GFDL-ESM4,ssp245,2098,15.7856,2.3775
GFDL-ESM4,ssp245,2099,15.6094,2.2013
GFDL-ESM4,ssp245,2100,15.7954,2.3873
GFDL-ESM4,ssp370,2015,14.132,0.7239
GFDL-ESM4,ssp370,2016,14.3148,0.9067
GFDL-ESM4,ssp370,2017,14.4534,1.0454
GFDL-ESM4,ssp370,2018,14.4665,1.0584
GFDL-ESM4,ssp370,2019,14.2441,0.836
GFDL-ESM4,ssp370,2020,14.3464,0.9383
GFDL-ESM4,ssp370,2021,14.5536,1.1455
GFDL-ESM4,ssp370,2022,14.544,1.1358
GFDL-ESM4,ssp370,2023,14.3064,0.8983
GFDL-ESM4,ssp370,2024,14.4511,1.0431
GFDL-ESM4,ssp370,2025,14.5353,1.1272
GFDL-ESM4,ssp370,2026,14.4572,1.0491
GFDL-ESM4,ssp370,2027,14.4336,1.0255
GFDL-ESM4,ssp370,2028,14.5171,1.109
GFDL-ESM4,ssp370,2029,14.5703,1.1622
GFDL-ESM4,ssp370,2030,14.5812,1.1731
GFDL-ESM4,ssp370,2031,14.5812,1.1731
GFDL-ESM4,ssp370,2032,14.633,1.2249
GFDL-ESM4,ssp370,2033,14.6548,1.2467
GFDL-ESM4,ssp370,2034,14.6748,1.2667
GFDL-ESM4,ssp370,2035,14.7487,1.3406
GFDL-ESM4,ssp370,2036,14.8034,1.3953
GFDL-ESM4,ssp370,2037,14.9453,1.5372
GFDL-ESM4,ssp370,2038,14.8031,1.395
GFDL-ESM4,ssp370,2039,14.7217,1.3136
GFDL-ESM4,ssp370,2040,14.8076,1.3995
GFDL-ESM4,ssp370,2041,14.9257,1.5176
GFDL-ESM4,ssp370,2042,14.9644,1.5563
GFDL-ESM4,ssp370,2043,14.8807,1.4726
GFDL-ESM4,ssp370,2044,14.9266,1.5185
GFDL-ESM4,ssp370,2045,15.0591,1.651
GFDL-ESM4,ssp370,2046,15.0486,1.6405
GFDL-ESM4,ssp370,2047,15.1955,1.7874
GFDL-ESM4,ssp370,2048,15.2401,1.832
GFDL-ESM4,ssp370,2049,15.1068,1.6987
GFDL-ESM4,ssp370,2050,15.0691,1.661
GFDL-ESM4,ssp370,2051,15.2141,1.806
GFDL-ESM4,ssp370,2052,15.1287,1.7206
GFDL-ESM4,ssp370,2053,15.1988,1.7906
GFDL-ESM4,ssp370,2054,15.1612,1.7531
GFDL-ESM4,ssp370,2055,15.0131,1.605
GFDL-ESM4,ssp370,2056,15.3196,1.9115
GFDL-ESM4,ssp370,2057,15.602,2.1939
GFDL-ESM4,ssp370,2058,15.4628,2.0546
GFDL-ESM4,ssp370,2059,15.384,1.9759
GFDL-ESM4,ssp370,2060,15.6725,2.2644
GFDL-ESM4,ssp370,2061,15.5977,2.1896
GFDL-ESM4,ssp370,2062,15.6505,2.2424
GFDL-ESM4,ssp370,2063,15.5521,2.144
GFDL-ESM4,ssp370,2064,15.8109,2.4028
GFDL-ESM4,ssp370,2065,15.8185,2.4104
GFDL-ESM4,ssp370,2066,15.6481,2.24
GFDL-ESM4,ssp370,2067,15.6579,2.2498
GFDL-ESM4,ssp370,2068,15.8627,2.4546
GFDL-ESM4,ssp370,2069,16.0697,2.6616
GFDL-ESM4,ssp370,2070,15.7819,2.3738
GFDL-ESM4,ssp370,2071,15.792,2.3839
GFDL-ESM4,ssp370,2072,16.1201,2.712
GFDL-ESM4,ssp370,2073,16.3456,2.9376
GFDL-ESM4,ssp370,2074,16.3689,2.9608
GFDL-ESM4,ssp370,2075,16.0722,2.6641
GFDL-ESM4,ssp370,2076,15.9799,2.5718
GFDL-ESM4,ssp370,2077,16.1636,2.7555
GFDL-ESM4,ssp370,2078,16.2509,2.8428
GFDL-ESM4,ssp370,2079,16.1434,2.7353
GFDL-ESM4,ssp370,2080,16.304,2.8959
GFDL-ESM4,ssp370,2081,16.4278,3.0197
GFDL-ESM4,ssp370,2082,16.4155,3.0074
GFDL-ESM4,ssp370,2083,16.3562,2.9481
GFDL-ESM4,ssp370,2084,16.3083,2.9002
GFDL-ESM4,ssp370,2085,16.4545,3.0464
GFDL-ESM4,ssp370,2086,16.5451,3.137
GFDL-ESM4,ssp370,2087,16.5246,3.1165
GFDL-ESM4,ssp370,2088,16.6429,3.2348
GFDL-ESM4,ssp370,2089,16.6404,3.2323
GFDL-ESM4,ssp370,2090,16.7308,3.3228
GFDL-ESM4,ssp370,2091,16.6161,3.208
GFDL-ESM4,ssp370,2092,16.6512,3.2431
GFDL-ESM4,ssp370,2093,16.908,3.5
GFDL-ESM4,ssp370,2094,16.9193,3.5112
GFDL-ESM4,ssp370,2095,16.7341,3.326
GFDL-ESM4,ssp370,2096,16.8864,3.4783
GFDL-ESM4,ssp370,2097,16.8857,3.4776
GFDL-ESM4,ssp370,2098,16.8538,3.4457
GFDL-ESM4,ssp370,2099,16.9902,3.582
GFDL-ESM4,ssp370,2100,16.9106,3.5025
GFDL-ESM4,ssp585,2015,14.1066,0.6985
GFDL-ESM4,ssp585,2016,14.3234,0.9153
GFDL-ESM4,ssp585,2017,14.4957,1.0876
GFDL-ESM4,ssp585,2018,14.3507,0.9426
GFDL-ESM4,ssp585,2019,14.3094,0.9013
GFDL-ESM4,ssp585,2020,14.2818,0.8737
GFDL-ESM4,ssp585,2021,14.4928,1.0847
GFDL-ESM4,ssp585,2022,14.624,1.2159
GFDL-ESM4,ssp585,2023,14.375,0.9668
GFDL-ESM4,ssp585,2024,14.3661,0.958
GFDL-ESM4,ssp585,2025,14.5549,1.1468
GFDL-ESM4,ssp585,2026,14.5531,1.145
GFDL-ESM4,ssp585,2027,14.438,1.0299
GFDL-ESM4,ssp585,2028,14.6712,1.2631
GFDL-ESM4,ssp585,2029,14.7395,1.3314
GFDL-ESM4,ssp585,2030,14.4621,1.054
GFDL-ESM4,ssp585,2031,14.6697,1.2616
GFDL-ESM4,ssp585,2032,14.7582,1.3501
GFDL-ESM4,ssp585,2033,14.7179,1.3098
GFDL-ESM4,ssp585,2034,14.6022,1.1941
GFDL-ESM4,ssp585,2035,14.6169,1.2088
GFDL-ESM4,ssp585,2036,14.8831,1.4751
GFDL-ESM4,ssp585,2037,14.8884,1.4803
GFDL-ESM4,ssp585,2038,14.8518,1.4437
GFDL-ESM4,ssp585,2039,14.9115,1.5034
GFDL-ESM4,ssp585,2040,15.005,1.5969
GFDL-ESM4,ssp585,2041,14.9145,1.5064
GFDL-ESM4,ssp585,2042,14.8879,1.4798
GFDL-ESM4,ssp585,2043,15.0399,1.6318
GFDL-ESM4,ssp585,2044,15.1913,1.7832
GFDL-ESM4,ssp585,2045,15.2085,1.8004
GFDL-ESM4,ssp585,2046,14.9529,1.5448
GFDL-ESM4,ssp585,2047,15.0672,1.6591
GFDL-ESM4,ssp585,2048,15.3038,1.8957
GFDL-ESM4,ssp585,2049,15.3815,1.9734
GFDL-ESM4,ssp585,2050,15.1923,1.7842
GFDL-ESM4,ssp585,2051,15.328,1.9199
GFDL-ESM4,ssp585,2052,15.4285,2.0204
GFDL-ESM4,ssp585,2053,15.4112,2.0031
GFDL-ESM4,ssp585,2054,15.556,2.1479
GFDL-ESM4,ssp585,2055,15.6479,2.2398
GFDL-ESM4,ssp585,2056,15.4188,2.0107
GFDL-ESM4,ssp585,2057,15.5604,2.1523
GFDL-ESM4,ssp585,2058,15.6191,2.211
GFDL-ESM4,ssp585,2059,15.6988,2.2907
GFDL-ESM4,ssp585,2060,15.5854,2.1773
GFDL-ESM4,ssp585,2061,15.8003,2.3922
GFDL-ESM4,ssp585,2062,15.8546,2.4465
GFDL-ESM4,ssp585,2063,15.7321,2.324
GFDL-ESM4,ssp585,2064,16.0477,2.6396
GFDL-ESM4,ssp585,2065,15.9906,2.5825
GFDL-ESM4,ssp585,2066,15.9352,2.5271
GFDL-ESM4,ssp585,2067,16.0898,2.6817
GFDL-ESM4,ssp585,2068,15.9814,2.5733
GFDL-ESM4,ssp585,2069,16.2249,2.8168
GFDL-ESM4,ssp585,2070,16.1687,2.7606
GFDL-ESM4,ssp585,2071,16.2129,2.8048
GFDL-ESM4,ssp585,2072,16.1125,2.7044
GFDL-ESM4,ssp585,2073,16.2721,2.864
GFDL-ESM4,ssp585,2074,16.4112,3.0031
GFDL-ESM4,ssp585,2075,16.3596,2.9515
GFDL-ESM4,ssp585,2076,16.3033,2.8952
GFDL-ESM4,ssp585,2077,16.4234,3.0153
GFDL-ESM4,ssp585,2078,16.6918,3.2837
GFDL-ESM4,ssp585,2079,16.5493,3.1412
GFDL-ESM4,ssp585,2080,16.4572,3.0491
GFDL-ESM4,ssp585,2081,16.7322,3.324
GFDL-ESM4,ssp585,2082,16.8501,3.442
GFDL-ESM4,ssp585,2083,16.6678,3.2598
GFDL-ESM4,ssp585,2084,16.8625,3.4544
GFDL-ESM4,ssp585,2085,16.8791,3.471
GFDL-ESM4,ssp585,2086,16.9097,3.5015
GFDL-ESM4,ssp585,2087,16.8357,3.4276
GFDL-ESM4,ssp585,2088,16.9459,3.5378
GFDL-ESM4,ssp585,2089,17.3072,3.8991
GFDL-ESM4,ssp585,2090,17.1256,3.7175
GFDL-ESM4,ssp585,2091,17.2112,3.8031
GFDL-ESM4,ssp585,2092,17.2366,3.8285
GFDL-ESM4,ssp585,2093,17.297,3.8888
GFDL-ESM4,ssp585,2094,17.2412,3.8331
GFDL-ESM4,ssp585,2095,17.362,3.9539
GFDL-ESM4,ssp585,2096,17.4006,3.9925
GFDL-ESM4,ssp585,2097,17.1869,3.7788
GFDL-ESM4,ssp585,2098,17.4855,4.0774
GFDL-ESM4,ssp585,2099,17.6806,4.2725
GFDL-ESM4,ssp585,2100,17.56,4.1519
IPSL-CM6A-LR,historical,1850,12.6071,-0.2147
IPSL-CM6A-LR,historical,1851,12.7884,-0.0333
IPSL-CM6A-LR,historical,1852,12.7777,-0.044
IPSL-CM6A-LR,historical,1853,12.8523,0.0305
IPSL-CM6A-LR,historical,1854,12.9472,0.1255
IPSL-CM6A-LR,historical,1855,12.8584,0.0366
IPSL-CM6A-LR,historical,1856,12.9838,0.162
IPSL-CM6A-LR,historical,1857,12.942,0.1202
IPSL-CM6A-LR,historical,1858,12.8784,0.0567
IPSL-CM6A-LR,historical,1859,12.9953,0.1736
IPSL-CM6A-LR,historical,1860,12.8295,0.0078
IPSL-CM6A-LR,historical,1861,13.0099,0.1882
IPSL-CM6A-LR,historical,1862,12.6139,-0.2079
IPSL-CM6A-LR,historical,1863,12.7431,-0.0787
IPSL-CM6A-LR,historical,1864,12.8415,0.0198
IPSL-CM6A-LR,historical,1865,12.9529,0.1311
IPSL-CM6A-LR,historical,1866,13.0838,0.2621
IPSL-CM6A-LR,historical,1867,12.9378,0.116
IPSL-CM6A-LR,historical,1868,12.7969,-0.0248
IPSL-CM6A-LR,historical,1869,12.7404,-0.0814
IPSL-CM6A-LR,historical,1870,12.8668,0.045
IPSL-CM6A-LR,historical,1871,12.9528,0.131
IPSL-CM6A-LR,historical,1872,13.0636,0.2418
IPSL-CM6A-LR,historical,1873,13.0634,0.2416
IPSL-CM6A-LR,historical,1874,12.9726,0.1508
IPSL-CM6A-LR,historical,1875,12.8787,0.057
IPSL-CM6A-LR,historical,1876,12.9973,0.1756
IPSL-CM6A-LR,historical,1877,13.007,0.1852
IPSL-CM6A-LR,historical,1878,12.8969,0.0751
IPSL-CM6A-LR,historical,1879,12.8249,0.0031
IPSL-CM6A-LR,historical,1880,12.9084,0.0866
IPSL-CM6A-LR,historical,1881,12.8107,-0.0111
IPSL-CM6A-LR,historical,1882,12.6544,-0.1673
IPSL-CM6A-LR,historical,1883,12.5659,-0.2559
IPSL-CM6A-LR,historical,1884,12.4176,-0.4041
IPSL-CM6A-LR,historical,1885,12.4937,-0.3281
IPSL-CM6A-LR,historical,1886,12.6327,-0.189
IPSL-CM6A-LR,historical,1887,12.5728,-0.2489
IPSL-CM6A-LR,historical,1888,12.576,-0.2458
IPSL-CM6A-LR,historical,1889,12.5666,-0.2552
IPSL-CM6A-LR,historical,1890,12.7859,-0.0358
IPSL-CM6A-LR,historical,1891,12.6448,-0.1769
IPSL-CM6A-LR,historical,1892,12.8564,0.0347
IPSL-CM6A-LR,historical,1893,12.6597,-0.162
IPSL-CM6A-LR,historical,1894,12.8196,-0.0021
IPSL-CM6A-LR,historical,1895,12.9442,0.1225
IPSL-CM6A-LR,historical,1896,12.7371,-0.0846
IPSL-CM6A-LR,historical,1897,12.8045,-0.0173
IPSL-CM6A-LR,historical,1898,12.8056,-0.0161
IPSL-CM6A-LR,historical,1899,12.9512,0.1295
IPSL-CM6A-LR,historical,1900,12.9972,0.1754
IPSL-CM6A-LR,historical,1901,12.8504,0.0287
IPSL-CM6A-LR,historical,1902,12.8344,0.0126
IPSL-CM6A-LR,historical,1903,12.8327,0.0109
IPSL-CM6A-LR,historical,1904,12.7901,-0.0317
IPSL-CM6A-LR,historical,1905,12.7351,-0.0866
IPSL-CM6A-LR,historical,1906,12.7292,-0.0925
IPSL-CM6A-LR,historical,1907,12.7189,-0.1028
IPSL-CM6A-LR,historical,1908,12.9289,0.1072
IPSL-CM6A-LR,historical,1909,12.9331,0.1113
IPSL-CM6A-LR,historical,1910,12.9269,0.1052
IPSL-CM6A-LR,historical,1911,12.9725,0.1508
IPSL-CM6A-LR,historical,1912,12.8984,0.0766
IPSL-CM6A-LR,historical,1913,12.7428,-0.0789
IPSL-CM6A-LR,historical,1914,12.7654,-0.0563
IPSL-CM6A-LR,historical,1915,12.926,0.1042
IPSL-CM6A-LR,historical,1916,13.0783,0.2566
IPSL-CM6A-LR,historical,1917,12.9218,0.1
IPSL-CM6A-LR,historical,1918,12.8958,0.074
IPSL-CM6A-LR,historical,1919,12.7892,-0.0326
IPSL-CM6A-LR,historical,1920,12.9425,0.1208
IPSL-CM6A-LR,historical,1921,13.0814,0.2596
IPSL-CM6A-LR,historical,1922,12.7295,-0.0922
IPSL-CM6A-LR,historical,1923,12.6604,-0.1614
IPSL-CM6A-LR,historical,1924,12.9402,0.1184
IPSL-CM6A-LR,historical,1925,12.8569,0.0352
IPSL-CM6A-LR,historical,1926,12.9681,0.1464
IPSL-CM6A-LR,historical,1927,12.8606,0.0388
IPSL-CM6A-LR,historical,1928,12.931,0.1093
IPSL-CM6A-LR,historical,1929,13.059,0.2373
IPSL-CM6A-LR,historical,1930,12.9077,0.0859
IPSL-CM6A-LR,historical,1931,12.774,-0.0477
IPSL-CM6A-LR,historical,1932,12.972,0.1502
IPSL-CM6A-LR,historical,1933,13.0748,0.2531
IPSL-CM6A-LR,historical,1934,13.0864,0.2646
IPSL-CM6A-LR,historical,1935,12.9733,0.1516
IPSL-CM6A-LR,historical,1936,13.0538,0.2321
IPSL-CM6A-LR,historical,1937,13.2278,0.406
IPSL-CM6A-LR,historical,1938,13.1693,0.3476
IPSL-CM6A-LR,historical,1939,13.0206,0.1988
IPSL-CM6A-LR,historical,1940,12.9569,0.1352
IPSL-CM6A-LR,historical,1941,13.0998,0.278
IPSL-CM6A-LR,historical,1942,13.354,0.5323
IPSL-CM6A-LR,historical,1943,13.3013,0.4795
IPSL-CM6A-LR,historical,1944,13.1597,0.3379
IPSL-CM6A-LR,historical,1945,13.1666,0.3449
IPSL-CM6A-LR,historical,1946,13.0951,0.2734
IPSL-CM6A-LR,historical,1947,13.1893,0.3676
IPSL-CM6A-LR,historical,1948,13.2874,0.4656
IPSL-CM6A-LR,historical,1949,13.2156,0.3939
IPSL-CM6A-LR,historical,1950,13.0804,0.2586
IPSL-CM6A-LR,historical,1951,13.2369,0.4152
IPSL-CM6A-LR,historical,1952,13.3834,0.5616
IPSL-CM6A-LR,historical,1953,13.2643,0.4426
IPSL-CM6A-LR,historical,1954,13.147,0.3253
IPSL-CM6A-LR,historical,1955,13.275,0.4532
IPSL-CM6A-LR,historical,1956,13.3168,0.495
IPSL-CM6A-LR,historical,1957,13.4207,0.5989
IPSL-CM6A-LR,historical,1958,13.4461,0.6243
IPSL-CM6A-LR,historical,1959,13.2044,0.3826
IPSL-CM6A-LR,historical,1960,13.2975,0.4758
IPSL-CM6A-LR,historical,1961,13.3065,0.4848
IPSL-CM6A-LR,historical,1962,13.5311,0.7094
IPSL-CM6A-LR,historical,1963,13.3358,0.5141
IPSL-CM6A-LR,historical,1964,13.2236,0.4019
IPSL-CM6A-LR,historical,1965,13.2681,0.4464
IPSL-CM6A-LR,historical,1966,13.2764,0.4546
IPSL-CM6A-LR,historical,1967,13.2944,0.4726
IPSL-CM6A-LR,historical,1968,13.2999,0.4782
IPSL-CM6A-LR,historical,1969,13.3762,0.5544
IPSL-CM6A-LR,historical,1970,13.1817,0.3599
IPSL-CM6A-LR,historical,1971,13.2175,0.3957
IPSL-CM6A-LR,historical,1972,13.3571,0.5353
IPSL-CM6A-LR,historical,1973,13.5076,0.6859
IPSL-CM6A-LR,historical,1974,13.2537,0.4319
IPSL-CM6A-LR,historical,1975,13.229,0.4072
IPSL-CM6A-LR,historical,1976,13.3888,0.567
IPSL-CM6A-LR,historical,1977,13.3781,0.5564
IPSL-CM6A-LR,historical,1978,13.3361,0.5143
IPSL-CM6A-LR,historical,1979,13.4096,0.5879
IPSL-CM6A-LR,historical,1980,13.5633,0.7416
IPSL-CM6A-LR,historical,1981,13.4616,0.6398
IPSL-CM6A-LR,historical,1982,13.1878,0.3661
IPSL-CM6A-LR,historical,1983,13.0412,0.2195
IPSL-CM6A-LR,historical,1984,13.1997,0.378
IPSL-CM6A-LR,historical,1985,13.1032,0.2814
IPSL-CM6A-LR,historical,1986,13.4087,0.587
IPSL-CM6A-LR,historical,1987,13.6528,0.8311
IPSL-CM6A-LR,historical,1988,13.8637,1.042
IPSL-CM6A-LR,historical,1989,14.0082,1.1864
IPSL-CM6A-LR,historical,1990,13.5866,0.7648
IPSL-CM6A-LR,historical,1991,13.5005,0.6787
IPSL-CM6A-LR,historical,1992,13.4074,0.5856
IPSL-CM6A-LR,historical,1993,13.4523,0.6306
IPSL-CM6A-LR,historical,1994,13.5172,0.6955
IPSL-CM6A-LR,historical,1995,13.7264,0.9047
IPSL-CM6A-LR,historical,1996,13.8182,0.9964
IPSL-CM6A-LR,historical,1997,13.7437,0.9219
IPSL-CM6A-LR,historical,1998,13.6441,0.8223
IPSL-CM6A-LR,historical,1999,13.7362,0.9144
IPSL-CM6A-LR,historical,2000,13.831,1.0093
IPSL-CM6A-LR,historical,2001,13.7336,0.9118
IPSL-CM6A-LR,historical,2002,13.641,0.8192
IPSL-CM6A-LR,historical,2003,13.7365,0.9148
IPSL-CM6A-LR,historical,2004,13.7352,0.9134
IPSL-CM6A-LR,historical,2005,14.027,1.2053
IPSL-CM6A-LR,historical,2006,14.044,1.2222
IPSL-CM6A-LR,historical,2007,13.7851,0.9633
IPSL-CM6A-LR,historical,2008,13.8713,1.0495
IPSL-CM6A-LR,historical,2009,14.2879,1.4661
IPSL-CM6A-LR,historical,2010,14.3375,1.5157
IPSL-CM6A-LR,historical,2011,13.9612,1.1394
IPSL-CM6A-LR,historical,2012,14.206,1.3842
IPSL-CM6A-LR,historical,2013,14.1773,1.3556
IPSL-CM6A-LR,historical,2014,14.0522,1.2304
IPSL-CM6A-LR,ssp126,2015,14.0452,1.2234
IPSL-CM6A-LR,ssp126,2016,14.1562,1.3344
IPSL-CM6A-LR,ssp126,2017,14.3748,1.5531
IPSL-CM6A-LR,ssp126,2018,14.459,1.6372
IPSL-CM6A-LR,ssp126,2019,14.3152,1.4934
IPSL-CM6A-LR,ssp126,2020,14.2819,1.4601
IPSL-CM6A-LR,ssp126,2021,14.4116,1.5899
IPSL-CM6A-LR,ssp126,2022,14.4246,1.6029
IPSL-CM6A-LR,ssp126,2023,14.547,1.7252
IPSL-CM6A-LR,ssp126,2024,14.6002,1.7785
IPSL-CM6A-LR,ssp126,2025,14.6044,1.7826
IPSL-CM6A-LR,ssp126,2026,14.3346,1.5128
IPSL-CM6A-LR,ssp126,2027,14.2844,1.4626
IPSL-CM6A-LR,ssp126,2028,14.4382,1.6165
IPSL-CM6A-LR,ssp126,2029,14.4633,1.6416
IPSL-CM6A-LR,ssp126,2030,14.681,1.8593
IPSL-CM6A-LR,ssp126,2031,14.7235,1.9017
IPSL-CM6A-LR,ssp126,2032,14.6471,1.8254
IPSL-CM6A-LR,ssp126,2033,14.8233,2.0015
IPSL-CM6A-LR,ssp126,2034,14.7845,1.9627
IPSL-CM6A-LR,ssp126,2035,14.8435,2.0218
IPSL-CM6A-LR,ssp126,2036,14.699,1.8773
IPSL-CM6A-LR,ssp126,2037,14.9256,2.1038
IPSL-CM6A-LR,ssp126,2038,14.9923,2.1706
IPSL-CM6A-LR,ssp126,2039,14.8868,2.0651
IPSL-CM6A-LR,ssp126,2040,14.625,1.8033
IPSL-CM6A-LR,ssp126,2041,14.7969,1.9752
IPSL-CM6A-LR,ssp126,2042,14.933,2.1112
IPSL-CM6A-LR,ssp126,2043,14.8177,1.996
IPSL-CM6A-LR,ssp126,2044,14.9885,2.1668
IPSL-CM6A-LR,ssp126,2045,15.0105,2.1888
IPSL-CM6A-LR,ssp126,2046,14.9171,2.0954
IPSL-CM6A-LR,ssp126,2047,15.0922,2.2705
IPSL-CM6A-LR,ssp126,2048,15.1271,2.3053
IPSL-CM6A-LR,ssp126,2049,15.1331,2.3114
IPSL-CM6A-LR,ssp126,2050,15.291,2.4692
IPSL-CM6A-LR,ssp126,2051,15.3046,2.4829
IPSL-CM6A-LR,ssp126,2052,14.9172,2.0955
IPSL-CM6A-LR,ssp126,2053,14.9916,2.1699
IPSL-CM6A-LR,ssp126,2054,14.9141,2.0924
IPSL-CM6A-LR,ssp126,2055,15.042,2.2203
IPSL-CM6A-LR,ssp126,2056,15.2062,2.3845
IPSL-CM6A-LR,ssp126,2057,15.1424,2.3206
IPSL-CM6A-LR,ssp126,2058,15.2389,2.4171
IPSL-CM6A-LR,ssp126,2059,15.1538,2.3321
IPSL-CM6A-LR,ssp126,2060,15.0026,2.1809
IPSL-CM6A-LR,ssp126,2061,15.0054,2.1836
IPSL-CM6A-LR,ssp126,2062,15.1995,2.3778
IPSL-CM6A-LR,ssp126,2063,15.2789,2.4572
IPSL-CM6A-LR,ssp126,2064,15.3162,2.4944
IPSL-CM6A-LR,ssp126,2065,15.1826,2.3609
IPSL-CM6A-LR,ssp126,2066,15.1443,2.3226
IPSL-CM6A-LR,ssp126,2067,15.0889,2.2671
IPSL-CM6A-LR,ssp126,2068,15.1033,2.2816
IPSL-CM6A-LR,ssp126,2069,15.1054,2.2836
IPSL-CM6A-LR,ssp126,2070,15.2466,2.4249
IPSL-CM6A-LR,ssp126,2071,15.1818,2.36
IPSL-CM6A-LR,ssp126,2072,15.0389,2.2171
IPSL-CM6A-LR,ssp126,2073,15.154,2.3323
IPSL-CM6A-LR,ssp126,2074,15.1994,2.3776
IPSL-CM6A-LR,ssp126,2075,15.1272,2.3055
IPSL-CM6A-LR,ssp126,2076,15.377,2.5553
IPSL-CM6A-LR,ssp126,2077,15.3709,2.5492
IPSL-CM6A-LR,ssp126,2078,15.0961,2.2744
IPSL-CM6A-LR,ssp126,2079,15.3163,2.4946
IPSL-CM6A-LR,ssp126,2080,15.4858,2.664
IPSL-CM6A-LR,ssp126,2081,15.3076,2.4858
IPSL-CM6A-LR,ssp126,2082,15.3885,2.5668
IPSL-CM6A-LR,ssp126,2083,15.3899,2.5681
IPSL-CM6A-LR,ssp126,2084,15.2901,2.4684
IPSL-CM6A-LR,ssp126,2085,15.1189,2.2972
IPSL-CM6A-LR,ssp126,2086,15.044,2.2223
IPSL-CM6A-LR,ssp126,2087,15.2382,2.4165
IPSL-CM6A-LR,ssp126,2088,15.3424,2.5206
IPSL-CM6A-LR,ssp126,2089,15.1979,2.3762
IPSL-CM6A-LR,ssp126,2090,15.0867,2.265
IPSL-CM6A-LR,ssp126,2091,15.0058,2.184
IPSL-CM6A-LR,ssp126,2092,14.9669,2.1451
IPSL-CM6A-LR,ssp126,2093,15.1654,2.3436
IPSL-CM6A-LR,ssp126,2094,15.1619,2.3402
IPSL-CM6A-LR,ssp126,2095,15.0469,2.2251
IPSL-CM6A-LR,ssp126,2096,14.9768,2.1551
IPSL-CM6A-LR,ssp126,2097,15.0083,2.1866
IPSL-CM6A-LR,ssp126,2098,15.2643,2.4426
IPSL-CM6A-LR,ssp126,2099,15.3024,2.4806
IPSL-CM6A-LR,ssp126,2100,15.1473,2.3256
IPSL-CM6A-LR,ssp245,2015,13.9914,1.1697
IPSL-CM6A-LR,ssp245,2016,14.0706,1.2488
IPSL-CM6A-LR,ssp245,2017,14.4476,1.6258
IPSL-CM6A-LR,ssp245,2018,14.39,1.5683
IPSL-CM6A-LR,ssp245,2019,14.3209,1.4992
IPSL-CM6A-LR,ssp245,2020,14.3898,1.5681
IPSL-CM6A-LR,ssp245,2021,14.4096,1.5878
IPSL-CM6A-LR,ssp245,2022,14.2644,1.4426
IPSL-CM6A-LR,ssp245,2023,14.3177,1.4959
IPSL-CM6A-LR,ssp245,2024,14.5512,1.7295
IPSL-CM6A-LR,ssp245,2025,14.6133,1.7916
IPSL-CM6A-LR,ssp245,2026,14.7202,1.8984
IPSL-CM6A-LR,ssp245,2027,14.5911,1.7693
IPSL-CM6A-LR,ssp245,2028,14.5243,1.7026
IPSL-CM6A-LR,ssp245,2029,14.591,1.7692
IPSL-CM6A-LR,ssp245,2030,14.4838,1.6621
IPSL-CM6A-LR,ssp245,2031,14.6564,1.8347
IPSL-CM6A-LR,ssp245,2032,14.9541,2.1323
IPSL-CM6A-LR,ssp245,2033,14.8026,1.9808
IPSL-CM6A-LR,ssp245,2034,14.7779,1.9562
IPSL-CM6A-LR,ssp245,2035,14.6976,1.8758
IPSL-CM6A-LR,ssp245,2036,14.9432,2.1214
IPSL-CM6A-LR,ssp245,2037,15.0404,2.2186
IPSL-CM6A-LR,ssp245,2038,14.8449,2.0231
IPSL-CM6A-LR,ssp245,2039,15.1147,2.2929
IPSL-CM6A-LR,ssp245,2040,15.3912,2.5695
IPSL-CM6A-LR,ssp245,2041,15.1746,2.3529
IPSL-CM6A-LR,ssp245,2042,15.0306,2.2088
IPSL-CM6A-LR,ssp245,2043,15.0927,2.2709
IPSL-CM6A-LR,ssp245,2044,14.9819,2.1601
IPSL-CM6A-LR,ssp245,2045,15.1662,2.3445
IPSL-CM6A-LR,ssp245,2046,15.3466,2.5249
IPSL-CM6A-LR,ssp245,2047,15.4864,2.6647
IPSL-CM6A-LR,ssp245,2048,15.4101,2.5883
IPSL-CM6A-LR,ssp245,2049,15.3772,2.5555
IPSL-CM6A-LR,ssp245,2050,15.4072,2.5854
IPSL-CM6A-LR,ssp245,2051,15.1902,2.3684
IPSL-CM6A-LR,ssp245,2052,15.4081,2.5864
IPSL-CM6A-LR,ssp245,2053,15.7348,2.913
IPSL-CM6A-LR,ssp245,2054,15.7298,2.9081
IPSL-CM6A-LR,ssp245,2055,15.5583,2.7365
IPSL-CM6A-LR,ssp245,2056,15.3397,2.5179
IPSL-CM6A-LR,ssp245,2057,15.5675,2.7457
IPSL-CM6A-LR,ssp245,2058,15.6771,2.8554
IPSL-CM6A-LR,ssp245,2059,15.5505,2.7288
IPSL-CM6A-LR,ssp245,2060,15.7076,2.8858
IPSL-CM6A-LR,ssp245,2061,15.7406,2.9188
IPSL-CM6A-LR,ssp245,2062,15.838,3.0163
IPSL-CM6A-LR,ssp245,2063,15.807,2.9853
IPSL-CM6A-LR,ssp245,2064,15.7538,2.9321
IPSL-CM6A-LR,ssp245,2065,15.6687,2.847
IPSL-CM6A-LR,ssp245,2066,15.867,3.0453
IPSL-CM6A-LR,ssp245,2067,16.066,3.2442
IPSL-CM6A-LR,ssp245,2068,16.1121,3.2904
IPSL-CM6A-LR,ssp245,2069,15.8447,3.0229
IPSL-CM6A-LR,ssp245,2070,15.8204,2.9986
IPSL-CM6A-LR,ssp245,2071,16.0147,3.193
IPSL-CM6A-LR,ssp245,2072,16.039,3.2173
IPSL-CM6A-LR,ssp245,2073,16.3518,3.5301
IPSL-CM6A-LR,ssp245,2074,16.0909,3.2691
IPSL-CM6A-LR,ssp245,2075,16.012,3.1903
IPSL-CM6A-LR,ssp245,2076,16.31,3.4883
IPSL-CM6A-LR,ssp245,2077,16.2433,3.4216
IPSL-CM6A-LR,ssp245,2078,16.1926,3.3708
IPSL-CM6A-LR,ssp245,2079,16.1093,3.2875
IPSL-CM6A-LR,ssp245,2080,16.03,3.2083
IPSL-CM6A-LR,ssp245,2081,16.0718,3.2501
IPSL-CM6A-LR,ssp245,2082,16.1843,3.3625
IPSL-CM6A-LR,ssp245,2083,16.337,3.5153
IPSL-CM6A-LR,ssp245,2084,16.4898,3.6681
IPSL-CM6A-LR,ssp245,2085,16.5375,3.7158
IPSL-CM6A-LR,ssp245,2086,16.5019,3.6801
IPSL-CM6A-LR,ssp245,2087,16.2923,3.4706
IPSL-CM6A-LR,ssp245,2088,16.2954,3.4736
IPSL-CM6A-LR,ssp245,2089,16.3655,3.5438
IPSL-CM6A-LR,ssp245,2090,16.6397,3.818
IPSL-CM6A-LR,ssp245,2091,16.6406,3.8189
IPSL-CM6A-LR,ssp245,2092,16.4198,3.598
IPSL-CM6A-LR,ssp245,2093,16.404,3.5822
IPSL-CM6A-LR,ssp245,2094,16.4877,3.666
IPSL-CM6A-LR,ssp245,2095,16.5355,3.7138
IPSL-CM6A-LR,ssp245,2096,16.705,3.8833
IPSL-CM6A-LR,ssp245,2097,16.7099,3.8882
IPSL-CM6A-LR,ssp245,2098,16.3558,3.5341
IPSL-CM6A-LR,ssp245,2099,16.3969,3.5752
IPSL-CM6A-LR,ssp245,2100,16.7633,3.9415
IPSL-CM6A-LR,ssp370,2015,14.0371,1.2153
IPSL-CM6A-LR,ssp370,2016,14.2004,1.3786
IPSL-CM6A-LR,ssp370,2017,14.5411,1.7194
IPSL-CM6A-LR,ssp370,2018,14.3654,1.5437
IPSL-CM6A-LR,ssp370,2019,14.2542,1.4324
IPSL-CM6A-LR,ssp370,2020,14.2707,1.449
IPSL-CM6A-LR,ssp370,2021,14.4466,1.6249
IPSL-CM6A-LR,ssp370,2022,14.1502,1.3284
IPSL-CM6A-LR,ssp370,2023,14.229,1.4073
IPSL-CM6A-LR,ssp370,2024,14.3098,1.488
IPSL-CM6A-LR,ssp370,2025,14.5814,1.7596
IPSL-CM6A-LR,ssp370,2026,14.5213,1.6995
IPSL-CM6A-LR,ssp370,2027,14.5068,1.685
IPSL-CM6A-LR,ssp370,2028,14.7654,1.9436
IPSL-CM6A-LR,ssp370,2029,14.7988,1.9771
IPSL-CM6A-LR,ssp370,2030,14.5335,1.7118
IPSL-CM6A-LR,ssp370,2031,14.3618,1.5401
IPSL-CM6A-LR,ssp370,2032,14.5948,1.773
IPSL-CM6A-LR,ssp370,2033,14.7062,1.8844
IPSL-CM6A-LR,ssp370,2034,14.6439,1.8222
IPSL-CM6A-LR,ssp370,2035,14.9566,2.1348
IPSL-CM6A-LR,ssp370,2036,14.8761,2.0544
IPSL-CM6A-LR,ssp370,2037,14.9699,2.1482
IPSL-CM6A-LR,ssp370,2038,15.1411,2.3194
IPSL-CM6A-LR,ssp370,2039,15.2092,2.3874
IPSL-CM6A-LR,ssp370,2040,15.1796,2.3578
IPSL-CM6A-LR,ssp370,2041,15.2375,2.4157
IPSL-CM6A-LR,ssp370,2042,15.1915,2.3698
IPSL-CM6A-LR,ssp370,2043,15.0938,2.272
IPSL-CM6A-LR,ssp370,2044,15.1761,2.3544
IPSL-CM6A-LR,ssp370,2045,15.31,2.4882
IPSL-CM6A-LR,ssp370,2046,15.5089,2.6872
IPSL-CM6A-LR,ssp370,2047,15.5504,2.7286
IPSL-CM6A-LR,ssp370,2048,15.3635,2.5417
IPSL-CM6A-LR,ssp370,2049,15.668,2.8462
IPSL-CM6A-LR,ssp370,2050,15.6433,2.8215
IPSL-CM6A-LR,ssp370,2051,15.8129,2.9912
IPSL-CM6A-LR,ssp370,2052,15.8717,3.05
IPSL-CM6A-LR,ssp370,2053,15.8193,2.9975
IPSL-CM6A-LR,ssp370,2054,15.7196,2.8978
IPSL-CM6A-LR,ssp370,2055,15.8468,3.0251
IPSL-CM6A-LR,ssp370,2056,15.8049,2.9832
IPSL-CM6A-LR,ssp370,2057,15.7223,2.9005
IPSL-CM6A-LR,ssp370,2058,15.9302,3.1085
IPSL-CM6A-LR,ssp370,2059,15.8204,2.9987
IPSL-CM6A-LR,ssp370,2060,15.8039,2.9822
IPSL-CM6A-LR,ssp370,2061,15.9603,3.1386
IPSL-CM6A-LR,ssp370,2062,16.1751,3.3534
IPSL-CM6A-LR,ssp370,2063,16.3517,3.53
IPSL-CM6A-LR,ssp370,2064,16.0969,3.2752
IPSL-CM6A-LR,ssp370,2065,16.2078,3.386
IPSL-CM6A-LR,ssp370,2066,16.4114,3.5896
IPSL-CM6A-LR,ssp370,2067,16.3052,3.4835
IPSL-CM6A-LR,ssp370,2068,16.3044,3.4826
IPSL-CM6A-LR,ssp370,2069,16.3697,3.5479
IPSL-CM6A-LR,ssp370,2070,16.2211,3.3993
IPSL-CM6A-LR,ssp370,2071,16.5636,3.7419
IPSL-CM6A-LR,ssp370,2072,16.7272,3.9054
IPSL-CM6A-LR,ssp370,2073,16.5861,3.7644
IPSL-CM6A-LR,ssp370,2074,16.6655,3.8438
IPSL-CM6A-LR,ssp370,2075,16.8142,3.9925
IPSL-CM6A-LR,ssp370,2076,17.0046,4.1828
IPSL-CM6A-LR,ssp370,2077,16.8111,3.9894
IPSL-CM6A-LR,ssp370,2078,16.8758,4.0541
IPSL-CM6A-LR,ssp370,2079,17.0633,4.2415
IPSL-CM6A-LR,ssp370,2080,16.8555,4.0337
IPSL-CM6A-LR,ssp370,2081,16.9792,4.1575
IPSL-CM6A-LR,ssp370,2082,17.1754,4.3536
IPSL-CM6A-LR,ssp370,2083,17.2018,4.38
IPSL-CM6A-LR,ssp370,2084,17.2516,4.4299
IPSL-CM6A-LR,ssp370,2085,17.5358,4.7141
IPSL-CM6A-LR,ssp370,2086,17.2563,4.4345
IPSL-CM6A-LR,ssp370,2087,17.1163,4.2946
IPSL-CM6A-LR,ssp370,2088,17.3693,4.5476
IPSL-CM6A-LR,ssp370,2089,17.5537,4.732
IPSL-CM6A-LR,ssp370,2090,17.7038,4.8821
IPSL-CM6A-LR,ssp370,2091,17.5931,4.7714
IPSL-CM6A-LR,ssp370,2092,17.7229,4.9012
IPSL-CM6A-LR,ssp370,2093,18.1077,5.286
IPSL-CM6A-LR,ssp370,2094,18.056,5.2342
IPSL-CM6A-LR,ssp370,2095,17.9823,5.1605
IPSL-CM6A-LR,ssp370,2096,18.1297,5.3079
IPSL-CM6A-LR,ssp370,2097,18.372,5.5502
IPSL-CM6A-LR,ssp370,2098,18.184,5.3622
IPSL-CM6A-LR,ssp370,2099,18.1216,5.2998
IPSL-CM6A-LR,ssp370,2100,18.256,5.4343
IPSL-CM6A-LR,ssp585,2015,14.1616,1.3399
IPSL-CM6A-LR,ssp585,2016,14.4949,1.6732
IPSL-CM6A-LR,ssp585,2017,14.6254,1.8036
IPSL-CM6A-LR,ssp585,2018,14.3551,1.5333
IPSL-CM6A-LR,ssp585,2019,14.3233,1.5016
IPSL-CM6A-LR,ssp585,2020,14.3356,1.5138
IPSL-CM6A-LR,ssp585,2021,14.5334,1.7116
IPSL-CM6A-LR,ssp585,2022,14.2864,1.4646
IPSL-CM6A-LR,ssp585,2023,14.3369,1.5152
IPSL-CM6A-LR,ssp585,2024,14.3955,1.5737
IPSL-CM6A-LR,ssp585,2025,14.4426,1.6208
IPSL-CM6A-LR,ssp585,2026,14.4658,1.644
IPSL-CM6A-LR,ssp585,2027,14.5724,1.7506
IPSL-CM6A-LR,ssp585,2028,14.7478,1.926
IPSL-CM6A-LR,ssp585,2029,14.9337,2.1119
IPSL-CM6A-LR,ssp585,2030,14.8501,2.0284
IPSL-CM6A-LR,ssp585,2031,14.5481,1.7263
IPSL-CM6A-LR,ssp585,2032,14.5215,1.6998
IPSL-CM6A-LR,ssp585,2033,14.4987,1.677
IPSL-CM6A-LR,ssp585,2034,14.6312,1.8094
IPSL-CM6A-LR,ssp585,2035,14.6145,1.7928
IPSL-CM6A-LR,ssp585,2036,14.7785,1.9567
IPSL-CM6A-LR,ssp585,2037,14.7708,1.949
IPSL-CM6A-LR,ssp585,2038,15.0952,2.2734
IPSL-CM6A-LR,ssp585,2039,15.0586,2.2369
IPSL-CM6A-LR,ssp585,2040,14.9907,2.169
IPSL-CM6A-LR,ssp585,2041,15.1545,2.3328
IPSL-CM6A-LR,ssp585,2042,15.2873,2.4656
IPSL-CM6A-LR,ssp585,2043,15.5008,2.6791
IPSL-CM6A-LR,ssp585,2044,15.623,2.8013
IPSL-CM6A-LR,ssp585,2045,15.5207,2.6989
IPSL-CM6A-LR,ssp585,2046,15.4819,2.6601
IPSL-CM6A-LR,ssp585,2047,15.6585,2.8367
IPSL-CM6A-LR,ssp585,2048,15.7575,2.9358
IPSL-CM6A-LR,ssp585,2049,15.6652,2.8435
IPSL-CM6A-LR,ssp585,2050,15.8028,2.9811
IPSL-CM6A-LR,ssp585,2051,15.8376,3.0159
IPSL-CM6A-LR,ssp585,2052,15.9951,3.1734
IPSL-CM6A-LR,ssp585,2053,16.0381,3.2164
IPSL-CM6A-LR,ssp585,2054,16.0104,3.1886
IPSL-CM6A-LR,ssp585,2055,16.0317,3.21
IPSL-CM6A-LR,ssp585,2056,16.3405,3.5187
IPSL-CM6A-LR,ssp585,2057,16.3001,3.4784
IPSL-CM6A-LR,ssp585,2058,16.319,3.4973
IPSL-CM6A-LR,ssp585,2059,16.2453,3.4236
IPSL-CM6A-LR,ssp585,2060,16.4068,3.585
IPSL-CM6A-LR,ssp585,2061,16.2727,3.451
IPSL-CM6A-LR,ssp585,2062,16.4048,3.583
IPSL-CM6A-LR,ssp585,2063,16.6504,3.8287
IPSL-CM6A-LR,ssp585,2064,16.6833,3.8615
IPSL-CM6A-LR,ssp585,2065,16.682,3.8602
IPSL-CM6A-LR,ssp585,2066,16.9588,4.137
IPSL-CM6A-LR,ssp585,2067,16.9194,4.0977
IPSL-CM6A-LR,ssp585,2068,16.9619,4.1402
IPSL-CM6A-LR,ssp585,2069,17.0058,4.1841
IPSL-CM6A-LR,ssp585,2070,17.1918,4.37
IPSL-CM6A-LR,ssp585,2071,17.392,4.5703
IPSL-CM6A-LR,ssp585,2072,17.3233,4.5015
IPSL-CM6A-LR,ssp585,2073,17.261,4.4393
IPSL-CM6A-LR,ssp585,2074,17.38,4.5582
IPSL-CM6A-LR,ssp585,2075,17.2687,4.447
IPSL-CM6A-LR,ssp585,2076,17.4521,4.6303
IPSL-CM6A-LR,ssp585,2077,17.5948,4.773
IPSL-CM6A-LR,ssp585,2078,17.7909,4.9692
IPSL-CM6A-LR,ssp585,2079,17.8457,5.024
IPSL-CM6A-LR,ssp585,2080,18.1963,5.3746
IPSL-CM6A-LR,ssp585,2081,18.3816,5.5599
IPSL-CM6A-LR,ssp585,2082,18.0117,5.19
IPSL-CM6A-LR,ssp585,2083,18.1629,5.3412
IPSL-CM6A-LR,ssp585,2084,18.347,5.5252
IPSL-CM6A-LR,ssp585,2085,18.1773,5.3556
IPSL-CM6A-LR,ssp585,2086,18.4289,5.6071
IPSL-CM6A-LR,ssp585,2087,18.7,5.8783
IPSL-CM6A-LR,ssp585,2088,18.651,5.8293
IPSL-CM6A-LR,ssp585,2089,18.8428,6.021
IPSL-CM6A-LR,ssp585,2090,18.9629,6.1412
IPSL-CM6A-LR,ssp585,2091,18.9135,6.0918
IPSL-CM6A-LR,ssp585,2092,18.922,6.1003
IPSL-CM6A-LR,ssp585,2093,18.8904,6.0687
IPSL-CM6A-LR,ssp585,2094,18.9827,6.1609
IPSL-CM6A-LR,ssp585,2095,19.2587,6.4369
IPSL-CM6A-LR,ssp585,2096,19.3714,6.5497
IPSL-CM6A-LR,ssp585,2097,19.2575,6.4357
IPSL-CM6A-LR,ssp585,2098,19.4935,6.6718
IPSL-CM6A-LR,ssp585,2099,19.7328,6.9111
IPSL-CM6A-LR,ssp585,2100,19.5697,6.7479
MPI-ESM1-2-HR,historical,1850,13.9146,-0.01
MPI-ESM1-2-HR,historical,1851,13.9381,0.0134
MPI-ESM1-2-HR,historical,1852,14.1314,0.2068
MPI-ESM1-2-HR,historical,1853,14.2382,0.3136
MPI-ESM1-2-HR,historical,1854,13.9431,0.0185
MPI-ESM1-2-HR,historical,1855,13.9155,-0.0091
MPI-ESM1-2-HR,historical,1856,13.9138,-0.0108
MPI-ESM1-2-HR,historical,1857,13.9188,-0.0058
MPI-ESM1-2-HR,historical,1858,13.9466,0.022
MPI-ESM1-2-HR,historical,1859,13.8216,-0.103
MPI-ESM1-2-HR,historical,1860,13.7186,-0.206
MPI-ESM1-2-HR,historical,1861,13.8072,-0.1174
MPI-ESM1-2-HR,historical,1862,13.7675,-0.1571
MPI-ESM1-2-HR,historical,1863,13.8625,-0.0621
MPI-ESM1-2-HR,historical,1864,13.8981,-0.0266
MPI-ESM1-2-HR,historical,1865,13.8656,-0.0591
MPI-ESM1-2-HR,historical,1866,13.9676,0.043
MPI-ESM1-2-HR,historical,1867,14.0173,0.0927
MPI-ESM1-2-HR,historical,1868,14.0459,0.1213
MPI-ESM1-2-HR,historical,1869,13.9849,0.0603
MPI-ESM1-2-HR,historical,1870,13.9602,0.0355
MPI-ESM1-2-HR,historical,1871,13.9725,0.0478
MPI-ESM1-2-HR,historical,1872,13.8888,-0.0358
MPI-ESM1-2-HR,historical,1873,13.9437,0.0191
MPI-ESM1-2-HR,historical,1874,14.1217,0.197
MPI-ESM1-2-HR,historical,1875,14.0899,0.1652
MPI-ESM1-2-HR,historical,1876,13.9766,0.052
MPI-ESM1-2-HR,historical,1877,13.9749,0.0503
MPI-ESM1-2-HR,historical,1878,13.8983,-0.0263
MPI-ESM1-2-HR,historical,1879,13.8245,-0.1001
MPI-ESM1-2-HR,historical,1880,13.9316,0.007
MPI-ESM1-2-HR,historical,1881,14.0092,0.0846
MPI-ESM1-2-HR,historical,1882,13.9704,0.0458
MPI-ESM1-2-HR,historical,1883,14.099,0.1744
MPI-ESM1-2-HR,historical,1884,13.6707,-0.2539
MPI-ESM1-2-HR,historical,1885,13.6931,-0.2315
MPI-ESM1-2-HR,historical,1886,13.7217,-0.2029
MPI-ESM1-2-HR,historical,1887,13.8691,-0.0555
MPI-ESM1-2-HR,historical,1888,14.0255,0.1008
MPI-ESM1-2-HR,historical,1889,13.9832,0.0586
MPI-ESM1-2-HR,historical,1890,13.9753,0.0507
MPI-ESM1-2-HR,historical,1891,13.9595,0.0349
MPI-ESM1-2-HR,historical,1892,14.0328,0.1082
MPI-ESM1-2-HR,historical,1893,13.8341,-0.0905
MPI-ESM1-2-HR,historical,1894,13.9235,-0.0011
MPI-ESM1-2-HR,historical,1895,13.906,-0.0186
MPI-ESM1-2-HR,historical,1896,13.8669,-0.0577
MPI-ESM1-2-HR,historical,1897,13.845,-0.0796
MPI-ESM1-2-HR,historical,1898,13.8243,-0.1003
MPI-ESM1-2-HR,historical,1899,13.8455,-0.0791
MPI-ESM1-2-HR,historical,1900,13.9011,-0.0235
MPI-ESM1-2-HR,historical,1901,13.989,0.0644
MPI-ESM1-2-HR,historical,1902,14.0784,0.1538
MPI-ESM1-2-HR,historical,1903,13.6414,-0.2833
MPI-ESM1-2-HR,historical,1904,13.751,-0.1736
MPI-ESM1-2-HR,historical,1905,13.8688,-0.0558
MPI-ESM1-2-HR,historical,1906,13.7627,-0.1619
MPI-ESM1-2-HR,historical,1907,13.7659,-0.1587
MPI-ESM1-2-HR,historical,1908,13.995,0.0704
MPI-ESM1-2-HR,historical,1909,14.0621,0.1375
MPI-ESM1-2-HR,historical,1910,13.9542,0.0296
MPI-ESM1-2-HR,historical,1911,13.899,-0.0256
MPI-ESM1-2-HR,historical,1912,13.8098,-0.1148
MPI-ESM1-2-HR,historical,1913,13.9352,0.0106
MPI-ESM1-2-HR,historical,1914,14.035,0.1104
MPI-ESM1-2-HR,historical,1915,14.1456,0.221
MPI-ESM1-2-HR,historical,1916,14.0503,0.1257
MPI-ESM1-2-HR,historical,1917,14.1215,0.1969
MPI-ESM1-2-HR,historical,1918,14.0938,0.1691
MPI-ESM1-2-HR,historical,1919,14.0113,0.0867
MPI-ESM1-2-HR,historical,1920,14.0369,0.1123
MPI-ESM1-2-HR,historical,1921,14.0806,0.156
MPI-ESM1-2-HR,historical,1922,14.1,0.1754
MPI-ESM1-2-HR,historical,1923,14.0695,0.1448
MPI-ESM1-2-HR,historical,1924,14.117,0.1924
MPI-ESM1-2-HR,historical,1925,14.109,0.1844
MPI-ESM1-2-HR,historical,1926,14.2087,0.2841
MPI-ESM1-2-HR,historical,1927,14.2636,0.339
MPI-ESM1-2-HR,historical,1928,14.2548,0.3301
MPI-ESM1-2-HR,historical,1929,14.2228,0.2982
MPI-ESM1-2-HR,historical,1930,14.1292,0.2046
MPI-ESM1-2-HR,historical,1931,14.1518,0.2272
MPI-ESM1-2-HR,historical,1932,14.1269,0.2023
MPI-ESM1-2-HR,historical,1933,14.1495,0.2249
MPI-ESM1-2-HR,historical,1934,14.3766,0.4519
MPI-ESM1-2-HR,historical,1935,14.3981,0.4735
MPI-ESM1-2-HR,historical,1936,14.5361,0.6115
MPI-ESM1-2-HR,historical,1937,14.3951,0.4705
MPI-ESM1-2-HR,historical,1938,14.3254,0.4008
MPI-ESM1-2-HR,historical,1939,14.0833,0.1587
MPI-ESM1-2-HR,historical,1940,14.1774,0.2527
MPI-ESM1-2-HR,historical,1941,14.1914,0.2668
MPI-ESM1-2-HR,historical,1942,14.2474,0.3228
MPI-ESM1-2-HR,historical,1943,14.2643,0.3397
MPI-ESM1-2-HR,historical,1944,14.2492,0.3245
MPI-ESM1-2-HR,historical,1945,14.2182,0.2936
MPI-ESM1-2-HR,historical,1946,14.152,0.2274
MPI-ESM1-2-HR,historical,1947,14.2856,0.361
MPI-ESM1-2-HR,historical,1948,14.4412,0.5166
MPI-ESM1-2-HR,historical,1949,14.2771,0.3525
MPI-ESM1-2-HR,historical,1950,14.2062,0.2816
MPI-ESM1-2-HR,historical,1951,14.2787,0.3541
MPI-ESM1-2-HR,historical,1952,14.1914,0.2668
MPI-ESM1-2-HR,historical,1953,14.1737,0.2491
MPI-ESM1-2-HR,historical,1954,14.0711,0.1464
MPI-ESM1-2-HR,historical,1955,14.0866,0.162
MPI-ESM1-2-HR,historical,1956,14.1726,0.2479
MPI-ESM1-2-HR,historical,1957,14.0951,0.1705
MPI-ESM1-2-HR,historical,1958,14.1266,0.202
MPI-ESM1-2-HR,historical,1959,14.2573,0.3327
MPI-ESM1-2-HR,historical,1960,14.3332,0.4086
MPI-ESM1-2-HR,historical,1961,14.3644,0.4398
MPI-ESM1-2-HR,historical,1962,14.1942,0.2696
MPI-ESM1-2-HR,historical,1963,14.1795,0.2548
MPI-ESM1-2-HR,historical,1964,14.1996,0.275
MPI-ESM1-2-HR,historical,1965,14.1971,0.2724
MPI-ESM1-2-HR,historical,1966,14.2558,0.3312
MPI-ESM1-2-HR,historical,1967,14.0939,0.1693
MPI-ESM1-2-HR,historical,1968,14.1967,0.2721
MPI-ESM1-2-HR,historical,1969,14.2185,0.2939
MPI-ESM1-2-HR,historical,1970,14.3809,0.4562
MPI-ESM1-2-HR,historical,1971,14.4486,0.524
MPI-ESM1-2-HR,historical,1972,14.3024,0.3778
MPI-ESM1-2-HR,historical,1973,14.2749,0.3502
MPI-ESM1-2-HR,historical,1974,14.1868,0.2622
MPI-ESM1-2-HR,historical,1975,14.1376,0.213
MPI-ESM1-2-HR,historical,1976,14.3632,0.4386
MPI-ESM1-2-HR,historical,1977,14.3751,0.4504
MPI-ESM1-2-HR,historical,1978,14.3949,0.4703
MPI-ESM1-2-HR,historical,1979,14.3742,0.4495
MPI-ESM1-2-HR,historical,1980,14.5692,0.6446
MPI-ESM1-2-HR,historical,1981,14.4956,0.571
MPI-ESM1-2-HR,historical,1982,14.4204,0.4958
MPI-ESM1-2-HR,historical,1983,14.3182,0.3936
MPI-ESM1-2-HR,historical,1984,14.4006,0.476
MPI-ESM1-2-HR,historical,1985,14.4998,0.5752
MPI-ESM1-2-HR,historical,1986,14.5898,0.6652
MPI-ESM1-2-HR,historical,1987,14.5264,0.6018
MPI-ESM1-2-HR,historical,1988,14.4922,0.5676
MPI-ESM1-2-HR,historical,1989,14.5006,0.576
MPI-ESM1-2-HR,historical,1990,14.56,0.6355
MPI-ESM1-2-HR,historical,1991,14.5042,0.5796
MPI-ESM1-2-HR,historical,1992,14.2776,0.353
MPI-ESM1-2-HR,historical,1993,14.252,0.3274
MPI-ESM1-2-HR,historical,1994,14.4437,0.5191
MPI-ESM1-2-HR,historical,1995,14.4919,0.5672
MPI-ESM1-2-HR,historical,1996,14.4908,0.5662
MPI-ESM1-2-HR,historical,1997,14.3842,0.4596
MPI-ESM1-2-HR,historical,1998,14.5075,0.5829
MPI-ESM1-2-HR,historical,1999,14.5584,0.6338
MPI-ESM1-2-HR,historical,2000,14.647,0.7224
MPI-ESM1-2-HR,historical,2001,14.7192,0.7946
MPI-ESM1-2-HR,historical,2002,14.7411,0.8165
MPI-ESM1-2-HR,historical,2003,14.684,0.7594
MPI-ESM1-2-HR,historical,2004,14.6467,0.7221
MPI-ESM1-2-HR,historical,2005,14.707,0.7824
MPI-ESM1-2-HR,historical,2006,14.7945,0.8699
MPI-ESM1-2-HR,historical,2007,14.8154,0.8908
MPI-ESM1-2-HR,historical,2008,14.9804,1.0558
MPI-ESM1-2-HR,historical,2009,15.0336,1.1089
MPI-ESM1-2-HR,historical,2010,14.8584,0.9338
MPI-ESM1-2-HR,historical,2011,14.9599,1.0353
MPI-ESM1-2-HR,historical,2012,15.0225,1.0979
MPI-ESM1-2-HR,historical,2013,15.0177,1.0931
MPI-ESM1-2-HR,historical,2014,14.9885,1.0639
MPI-ESM1-2-HR,ssp126,2015,14.8933,0.9687
MPI-ESM1-2-HR,ssp126,2016,15.0488,1.1242
MPI-ESM1-2-HR,ssp126,2017,15.075,1.1504
MPI-ESM1-2-HR,ssp126,2018,15.0516,1.127
MPI-ESM1-2-HR,ssp126,2019,15.1591,1.2345
MPI-ESM1-2-HR,ssp126,2020,15.1401,1.2155
MPI-ESM1-2-HR,ssp126,2021,15.0615,1.1369
MPI-ESM1-2-HR,ssp126,2022,15.2973,1.3727
MPI-ESM1-2-HR,ssp126,2023,15.2211,1.2965
MPI-ESM1-2-HR,ssp126,2024,15.3678,1.4432
MPI-ESM1-2-HR,ssp126,2025,15.3897,1.465
MPI-ESM1-2-HR,ssp126,2026,15.1852,1.2606
MPI-ESM1-2-HR,ssp126,2027,15.2319,1.3073
MPI-ESM1-2-HR,ssp126,2028,15.3528,1.4282
MPI-ESM1-2-HR,ssp126,2029,15.4311,1.5064
MPI-ESM1-2-HR,ssp126,2030,15.228,1.3034
MPI-ESM1-2-HR,ssp126,2031,15.1742,1.2496
MPI-ESM1-2-HR,ssp126,2032,15.3618,1.4371
MPI-ESM1-2-HR,ssp126,2033,15.3151,1.3905
MPI-ESM1-2-HR,ssp126,2034,15.2268,1.3022
MPI-ESM1-2-HR,ssp126,2035,15.379,1.4544
MPI-ESM1-2-HR,ssp126,2036,15.2951,1.3705
MPI-ESM1-2-HR,ssp126,2037,15.3289,1.4043
MPI-ESM1-2-HR,ssp126,2038,15.3754,1.4508
MPI-ESM1-2-HR,ssp126,2039,15.5373,1.6127
MPI-ESM1-2-HR,ssp126,2040,15.5556,1.631
MPI-ESM1-2-HR,ssp126,2041,15.5496,1.625
MPI-ESM1-2-HR,ssp126,2042,15.436,1.5114
MPI-ESM1-2-HR,ssp126,2043,15.4081,1.4835
MPI-ESM1-2-HR,ssp126,2044,15.4996,1.575
MPI-ESM1-2-HR,ssp126,2045,15.5169,1.5922
MPI-ESM1-2-HR,ssp126,2046,15.5592,1.6346
MPI-ESM1-2-HR,ssp126,2047,15.5092,1.5845
MPI-ESM1-2-HR,ssp126,2048,15.4036,1.479
MPI-ESM1-2-HR,ssp126,2049,15.555,1.6304
MPI-ESM1-2-HR,ssp126,2050,15.4452,1.5206
MPI-ESM1-2-HR,ssp126,2051,15.3965,1.4718
MPI-ESM1-2-HR,ssp126,2052,15.5249,1.6003
MPI-ESM1-2-HR,ssp126,2053,15.5419,1.6173
MPI-ESM1-2-HR,ssp126,2054,15.5723,1.6477
MPI-ESM1-2-HR,ssp126,2055,15.5345,1.6099
MPI-ESM1-2-HR,ssp126,2056,15.5616,1.637
MPI-ESM1-2-HR,ssp126,2057,15.4625,1.5379
MPI-ESM1-2-HR,ssp126,2058,15.4672,1.5426
MPI-ESM1-2-HR,ssp126,2059,15.4845,1.5598
MPI-ESM1-2-HR,ssp126,2060,15.68,1.7554
MPI-ESM1-2-HR,ssp126,2061,15.4366,1.512
MPI-ESM1-2-HR,ssp126,2062,15.4825,1.5579
MPI-ESM1-2-HR,ssp126,2063,15.4718,1.5472
MPI-ESM1-2-HR,ssp126,2064,15.452,1.5273
MPI-ESM1-2-HR,ssp126,2065,15.5143,1.5896
MPI-ESM1-2-HR,ssp126,2066,15.5877,1.663
MPI-ESM1-2-HR,ssp126,2067,15.7092,1.7845
MPI-ESM1-2-HR,ssp126,2068,15.7371,1.8125
MPI-ESM1-2-HR,ssp126,2069,15.5199,1.5953
MPI-ESM1-2-HR,ssp126,2070,15.6128,1.6882
MPI-ESM1-2-HR,ssp126,2071,15.6355,1.7109
MPI-ESM1-2-HR,ssp126,2072,15.6442,1.7196
MPI-ESM1-2-HR,ssp126,2073,15.6035,1.6788
MPI-ESM1-2-HR,ssp126,2074,15.5072,1.5826
MPI-ESM1-2-HR,ssp126,2075,15.4656,1.5409
MPI-ESM1-2-HR,ssp126,2076,15.455,1.5304
MPI-ESM1-2-HR,ssp126,2077,15.4889,1.5643
MPI-ESM1-2-HR,ssp126,2078,15.5672,1.6426
MPI-ESM1-2-HR,ssp126,2079,15.5843,1.6597
MPI-ESM1-2-HR,ssp126,2080,15.4313,1.5066
MPI-ESM1-2-HR,ssp126,2081,15.4641,1.5394
MPI-ESM1-2-HR,ssp126,2082,15.5744,1.6498
MPI-ESM1-2-HR,ssp126,2083,15.5162,1.5916
MPI-ESM1-2-HR,ssp126,2084,15.4831,1.5585
MPI-ESM1-2-HR,ssp126,2085,15.5001,1.5755
MPI-ESM1-2-HR,ssp126,2086,15.5738,1.6492
MPI-ESM1-2-HR,ssp126,2087,15.5397,1.6151
MPI-ESM1-2-HR,ssp126,2088,15.5297,1.6051
MPI-ESM1-2-HR,ssp126,2089,15.6187,1.6941
MPI-ESM1-2-HR,ssp126,2090,15.5068,1.5822
MPI-ESM1-2-HR,ssp126,2091,15.3891,1.4645
MPI-ESM1-2-HR,ssp126,2092,15.383,1.4584
MPI-ESM1-2-HR,ssp126,2093,15.4872,1.5626
MPI-ESM1-2-HR,ssp126,2094,15.6259,1.7013
MPI-ESM1-2-HR,ssp126,2095,15.7337,1.8091
MPI-ESM1-2-HR,ssp126,2096,15.5428,1.6182
MPI-ESM1-2-HR,ssp126,2097,15.3179,1.3933
MPI-ESM1-2-HR,ssp126,2098,15.3885,1.4639
MPI-ESM1-2-HR,ssp126,2099,15.4071,1.4825
MPI-ESM1-2-HR,ssp126,2100,15.5185,1.5939
MPI-ESM1-2-HR,ssp245,2015,14.8914,0.9668
MPI-ESM1-2-HR,ssp245,2016,14.8815,0.9569
MPI-ESM1-2-HR,ssp245,2017,14.9243,0.9997
MPI-ESM1-2-HR,ssp245,2018,15.079,1.1544
MPI-ESM1-2-HR,ssp245,2019,15.2561,1.3315
MPI-ESM1-2-HR,ssp245,2020,15.1601,1.2355
MPI-ESM1-2-HR,ssp245,2021,15.214,1.2894
MPI-ESM1-2-HR,ssp245,2022,15.2284,1.3038
MPI-ESM1-2-HR,ssp245,2023,15.1509,1.2263
MPI-ESM1-2-HR,ssp245,2024,15.2761,1.3515
MPI-ESM1-2-HR,ssp245,2025,15.2264,1.3018
MPI-ESM1-2-HR,ssp245,2026,15.0573,1.1327
MPI-ESM1-2-HR,ssp245,2027,15.1643,1.2397
MPI-ESM1-2-HR,ssp245,2028,15.1902,1.2656
MPI-ESM1-2-HR,ssp245,2029,15.4007,1.4761
MPI-ESM1-2-HR,ssp245,2030,15.2719,1.3473
MPI-ESM1-2-HR,ssp245,2031,15.2172,1.2926
MPI-ESM1-2-HR,ssp245,2032,15.3833,1.4587
MPI-ESM1-2-HR,ssp245,2033,15.3904,1.4657
MPI-ESM1-2-HR,ssp245,2034,15.479,1.5544
MPI-ESM1-2-HR,ssp245,2035,15.456,1.5314
MPI-ESM1-2-HR,ssp245,2036,15.3285,1.4038
MPI-ESM1-2-HR,ssp245,2037,15.4215,1.4969
MPI-ESM1-2-HR,ssp245,2038,15.4278,1.5032
MPI-ESM1-2-HR,ssp245,2039,15.3384,1.4138
MPI-ESM1-2-HR,ssp245,2040,15.5215,1.5968
MPI-ESM1-2-HR,ssp245,2041,15.5469,1.6223
MPI-ESM1-2-HR,ssp245,2042,15.5256,1.601
MPI-ESM1-2-HR,ssp245,2043,15.3541,1.4295
MPI-ESM1-2-HR,ssp245,2044,15.4507,1.526
MPI-ESM1-2-HR,ssp245,2045,15.5378,1.6132
MPI-ESM1-2-HR,ssp245,2046,15.711,1.7863
MPI-ESM1-2-HR,ssp245,2047,15.8086,1.884
MPI-ESM1-2-HR,ssp245,2048,15.7734,1.8488
MPI-ESM1-2-HR,ssp245,2049,15.7023,1.7777
MPI-ESM1-2-HR,ssp245,2050,15.7679,1.8433
MPI-ESM1-2-HR,ssp245,2051,15.9207,1.9961
MPI-ESM1-2-HR,ssp245,2052,15.924,1.9994
MPI-ESM1-2-HR,ssp245,2053,15.7449,1.8203
MPI-ESM1-2-HR,ssp245,2054,15.6984,1.7738
MPI-ESM1-2-HR,ssp245,2055,15.651,1.7264
MPI-ESM1-2-HR,ssp245,2056,15.6089,1.6843
MPI-ESM1-2-HR,ssp245,2057,15.7505,1.8259
MPI-ESM1-2-HR,ssp245,2058,15.9637,2.0391
MPI-ESM1-2-HR,ssp245,2059,16.017,2.0924
MPI-ESM1-2-HR,ssp245,2060,15.8815,1.9568
MPI-ESM1-2-HR,ssp245,2061,15.7423,1.8177
MPI-ESM1-2-HR,ssp245,2062,15.7581,1.8335
MPI-ESM1-2-HR,ssp245,2063,16.0138,2.0892
MPI-ESM1-2-HR,ssp245,2064,15.9935,2.0689
MPI-ESM1-2-HR,ssp245,2065,15.964,2.0394
MPI-ESM1-2-HR,ssp245,2066,16.1756,2.251
MPI-ESM1-2-HR,ssp245,2067,15.9784,2.0537
MPI-ESM1-2-HR,ssp245,2068,15.8986,1.974
MPI-ESM1-2-HR,ssp245,2069,15.923,1.9984
MPI-ESM1-2-HR,ssp245,2070,16.1111,2.1865
MPI-ESM1-2-HR,ssp245,2071,16.1397,2.2151
MPI-ESM1-2-HR,ssp245,2072,16.1323,2.2076
MPI-ESM1-2-HR,ssp245,2073,16.229,2.3044
MPI-ESM1-2-HR,ssp245,2074,16.3007,2.3761
MPI-ESM1-2-HR,ssp245,2075,16.2501,2.3254
MPI-ESM1-2-HR,ssp245,2076,16.3217,2.3971
MPI-ESM1-2-HR,ssp245,2077,16.1894,2.2648
MPI-ESM1-2-HR,ssp245,2078,16.1612,2.2366
MPI-ESM1-2-HR,ssp245,2079,16.1046,2.1799
MPI-ESM1-2-HR,ssp245,2080,16.2429,2.3183
MPI-ESM1-2-HR,ssp245,2081,16.2794,2.3548
MPI-ESM1-2-HR,ssp245,2082,16.2145,2.2899
MPI-ESM1-2-HR,ssp245,2083,16.2887,2.3641
MPI-ESM1-2-HR,ssp245,2084,16.2753,2.3506
MPI-ESM1-2-HR,ssp245,2085,16.2782,2.3536
MPI-ESM1-2-HR,ssp245,2086,16.3705,2.4459
MPI-ESM1-2-HR,ssp245,2087,16.3148,2.3901
MPI-ESM1-2-HR,ssp245,2088,16.3508,2.4262
MPI-ESM1-2-HR,ssp245,2089,16.3718,2.4472
MPI-ESM1-2-HR,ssp245,2090,16.3993,2.4747
MPI-ESM1-2-HR,ssp245,2091,16.3105,2.3859
MPI-ESM1-2-HR,ssp245,2092,16.276,2.3514
MPI-ESM1-2-HR,ssp245,2093,16.4362,2.5116
MPI-ESM1-2-HR,ssp245,2094,16.4175,2.4929
MPI-ESM1-2-HR,ssp245,2095,16.3381,2.4134
MPI-ESM1-2-HR,ssp245,2096,16.4166,2.492
MPI-ESM1-2-HR,ssp245,2097,16.4374,2.5128
MPI-ESM1-2-HR,ssp245,2098,16.314,2.3894
MPI-ESM1-2-HR,ssp245,2099,16.2355,2.3108
MPI-ESM1-2-HR,ssp245,2100,16.3841,2.4595
MPI-ESM1-2-HR,ssp370,2015,14.8714,0.9468
MPI-ESM1-2-HR,ssp370,2016,15.0237,1.0991
MPI-ESM1-2-HR,ssp370,2017,15.0727,1.1481
MPI-ESM1-2-HR,ssp370,2018,15.2904,1.3658
MPI-ESM1-2-HR,ssp370,2019,15.368,1.4434
MPI-ESM1-2-HR,ssp370,2020,15.1554,1.2308
MPI-ESM1-2-HR,ssp370,2021,14.9711,1.0465
MPI-ESM1-2-HR,ssp370,2022,15.1129,1.1883
MPI-ESM1-2-HR,ssp370,2023,15.1376,1.213
MPI-ESM1-2-HR,ssp370,2024,15.0298,1.1052
MPI-ESM1-2-HR,ssp370,2025,15.1894,1.2647
MPI-ESM1-2-HR,ssp370,2026,15.3682,1.4436
MPI-ESM1-2-HR,ssp370,2027,15.3184,1.3938
MPI-ESM1-2-HR,ssp370,2028,15.18,1.2554
MPI-ESM1-2-HR,ssp370,2029,15.2104,1.2858
MPI-ESM1-2-HR,ssp370,2030,15.2876,1.3629
MPI-ESM1-2-HR,ssp370,2031,15.3886,1.464
MPI-ESM1-2-HR,ssp370,2032,15.4262,1.5016
MPI-ESM1-2-HR,ssp370,2033,15.5423,1.6176
MPI-ESM1-2-HR,ssp370,2034,15.4852,1.5606
MPI-ESM1-2-HR,ssp370,2035,15.495,1.5704
MPI-ESM1-2-HR,ssp370,2036,15.5399,1.6153
MPI-ESM1-2-HR,ssp370,2037,15.5422,1.6176
MPI-ESM1-2-HR,ssp370,2038,15.3887,1.4641
MPI-ESM1-2-HR,ssp370,2039,15.5053,1.5807
MPI-ESM1-2-HR,ssp370,2040,15.6636,1.7389
MPI-ESM1-2-HR,ssp370,2041,15.5292,1.6046
MPI-ESM1-2-HR,ssp370,2042,15.5366,1.612
MPI-ESM1-2-HR,ssp370,2043,15.6678,1.7432
MPI-ESM1-2-HR,ssp370,2044,15.7165,1.7919
MPI-ESM1-2-HR,ssp370,2045,15.5975,1.6729
MPI-ESM1-2-HR,ssp370,2046,15.6851,1.7605
MPI-ESM1-2-HR,ssp370,2047,15.7711,1.8465
MPI-ESM1-2-HR,ssp370,2048,15.6826,1.758
MPI-ESM1-2-HR,ssp370,2049,15.8162,1.8916
MPI-ESM1-2-HR,ssp370,2050,15.9986,2.074
MPI-ESM1-2-HR,ssp370,2051,16.2234,2.2988
MPI-ESM1-2-HR,ssp370,2052,16.1917,2.267
MPI-ESM1-2-HR,ssp370,2053,16.1912,2.2666
MPI-ESM1-2-HR,ssp370,2054,16.102,2.1774
MPI-ESM1-2-HR,ssp370,2055,16.0952,2.1706
MPI-ESM1-2-HR,ssp370,2056,16.0781,2.1535
MPI-ESM1-2-HR,ssp370,2057,16.1772,2.2526
MPI-ESM1-2-HR,ssp370,2058,16.3117,2.387
MPI-ESM1-2-HR,ssp370,2059,16.3503,2.4257
MPI-ESM1-2-HR,ssp370,2060,16.1329,2.2083
MPI-ESM1-2-HR,ssp370,2061,16.1469,2.2223
MPI-ESM1-2-HR,ssp370,2062,16.257,2.3324
MPI-ESM1-2-HR,ssp370,2063,16.3829,2.4583
MPI-ESM1-2-HR,ssp370,2064,16.289,2.3644
MPI-ESM1-2-HR,ssp370,2065,16.1881,2.2635
MPI-ESM1-2-HR,ssp370,2066,16.3406,2.416
MPI-ESM1-2-HR,ssp370,2067,16.6032,2.6786
MPI-ESM1-2-HR,ssp370,2068,16.6793,2.7547
MPI-ESM1-2-HR,ssp370,2069,16.6978,2.7731
MPI-ESM1-2-HR,ssp370,2070,16.5719,2.6473
MPI-ESM1-2-HR,ssp370,2071,16.5493,2.6246
MPI-ESM1-2-HR,ssp370,2072,16.6943,2.7697
MPI-ESM1-2-HR,ssp370,2073,16.7443,2.8197
MPI-ESM1-2-HR,ssp370,2074,16.7308,2.8062
MPI-ESM1-2-HR,ssp370,2075,16.7071,2.7825
MPI-ESM1-2-HR,ssp370,2076,16.8071,2.8825
MPI-ESM1-2-HR,ssp370,2077,16.646,2.7214
MPI-ESM1-2-HR,ssp370,2078,16.7609,2.8363
MPI-ESM1-2-HR,ssp370,2079,16.8178,2.8932
MPI-ESM1-2-HR,ssp370,2080,16.7235,2.7989
MPI-ESM1-2-HR,ssp370,2081,16.6895,2.7649
MPI-ESM1-2-HR,ssp370,2082,16.7811,2.8565
MPI-ESM1-2-HR,ssp370,2083,17.0478,3.1232
MPI-ESM1-2-HR,ssp370,2084,17.0405,3.1159
MPI-ESM1-2-HR,ssp370,2085,17.0997,3.175
MPI-ESM1-2-HR,ssp370,2086,17.0196,3.095
MPI-ESM1-2-HR,ssp370,2087,16.9565,3.0319
MPI-ESM1-2-HR,ssp370,2088,17.2267,3.3021
MPI-ESM1-2-HR,ssp370,2089,17.3837,3.4591
MPI-ESM1-2-HR,ssp370,2090,17.3846,3.46
MPI-ESM1-2-HR,ssp370,2091,17.4284,3.5038
MPI-ESM1-2-HR,ssp370,2092,17.2628,3.3382
MPI-ESM1-2-HR,ssp370,2093,17.457,3.5324
MPI-ESM1-2-HR,ssp370,2094,17.5382,3.6136
MPI-ESM1-2-HR,ssp370,2095,17.5981,3.6735
MPI-ESM1-2-HR,ssp370,2096,17.5367,3.6121
MPI-ESM1-2-HR,ssp370,2097,17.5269,3.6022
MPI-ESM1-2-HR,ssp370,2098,17.6178,3.6932
MPI-ESM1-2-HR,ssp370,2099,17.7067,3.7821
MPI-ESM1-2-HR,ssp370,2100,17.7243,3.7997
MPI-ESM1-2-HR,ssp585,2015,14.9057,0.981
MPI-ESM1-2-HR,ssp585,2016,15.0063,1.0816
MPI-ESM1-2-HR,ssp585,2017,15.0268,1.1022
MPI-ESM1-2-HR,ssp585,2018,15.1449,1.2203
MPI-ESM1-2-HR,ssp585,2019,15.165,1.2404
MPI-ESM1-2-HR,ssp585,2020,15.1838,1.2592
MPI-ESM1-2-HR,ssp585,2021,15.1232,1.1986
MPI-ESM1-2-HR,ssp585,2022,15.2149,1.2903
MPI-ESM1-2-HR,ssp585,2023,15.1552,1.2306
MPI-ESM1-2-HR,ssp585,2024,15.1714,1.2468
MPI-ESM1-2-HR,ssp585,2025,15.176,1.2514
MPI-ESM1-2-HR,ssp585,2026,15.1971,1.2725
MPI-ESM1-2-HR,ssp585,2027,15.2377,1.3131
MPI-ESM1-2-HR,ssp585,2028,15.1874,1.2628
MPI-ESM1-2-HR,ssp585,2029,15.3367,1.4121
MPI-ESM1-2-HR,ssp585,2030,15.4537,1.5291
MPI-ESM1-2-HR,ssp585,2031,15.5792,1.6546
MPI-ESM1-2-HR,ssp585,2032,15.3672,1.4425
MPI-ESM1-2-HR,ssp585,2033,15.3284,1.4037
MPI-ESM1-2-HR,ssp585,2034,15.4468,1.5222
MPI-ESM1-2-HR,ssp585,2035,15.6069,1.6822
MPI-ESM1-2-HR,ssp585,2036,15.563,1.6384
MPI-ESM1-2-HR,ssp585,2037,15.5054,1.5808
MPI-ESM1-2-HR,ssp585,2038,15.6869,1.7623
MPI-ESM1-2-HR,ssp585,2039,15.5646,1.64
MPI-ESM1-2-HR,ssp585,2040,15.5887,1.6641
MPI-ESM1-2-HR,ssp585,2041,15.5384,1.6138
MPI-ESM1-2-HR,ssp585,2042,15.7289,1.8042
MPI-ESM1-2-HR,ssp585,2043,15.8527,1.928
MPI-ESM1-2-HR,ssp585,2044,15.7026,1.778
MPI-ESM1-2-HR,ssp585,2045,15.6924,1.7678
MPI-ESM1-2-HR,ssp585,2046,15.6347,1.71
MPI-ESM1-2-HR,ssp585,2047,15.6432,1.7186
MPI-ESM1-2-HR,ssp585,2048,15.9239,1.9993
MPI-ESM1-2-HR,ssp585,2049,16.115,2.1904
MPI-ESM1-2-HR,ssp585,2050,16.0187,2.0941
MPI-ESM1-2-HR,ssp585,2051,15.9383,2.0137
MPI-ESM1-2-HR,ssp585,2052,15.9116,1.987
MPI-ESM1-2-HR,ssp585,2053,16.0816,2.157
MPI-ESM1-2-HR,ssp585,2054,16.2627,2.3381
MPI-ESM1-2-HR,ssp585,2055,16.1691,2.2445
MPI-ESM1-2-HR,ssp585,2056,16.2203,2.2957
MPI-ESM1-2-HR,ssp585,2057,16.3434,2.4188
MPI-ESM1-2-HR,ssp585,2058,16.3539,2.4292
MPI-ESM1-2-HR,ssp585,2059,16.2158,2.2912
MPI-ESM1-2-HR,ssp585,2060,16.3688,2.4442
MPI-ESM1-2-HR,ssp585,2061,16.5503,2.6257
MPI-ESM1-2-HR,ssp585,2062,16.401,2.4763
MPI-ESM1-2-HR,ssp585,2063,16.5211,2.5965
MPI-ESM1-2-HR,ssp585,2064,16.4264,2.5017
MPI-ESM1-2-HR,ssp585,2065,16.6804,2.7558
MPI-ESM1-2-HR,ssp585,2066,16.5677,2.643
MPI-ESM1-2-HR,ssp585,2067,16.522,2.5974
MPI-ESM1-2-HR,ssp585,2068,16.6084,2.6838
MPI-ESM1-2-HR,ssp585,2069,16.7731,2.8485
MPI-ESM1-2-HR,ssp585,2070,16.8939,2.9693
MPI-ESM1-2-HR,ssp585,2071,16.8008,2.8761
MPI-ESM1-2-HR,ssp585,2072,16.8024,2.8778
MPI-ESM1-2-HR,ssp585,2073,17.042,3.1174
MPI-ESM1-2-HR,ssp585,2074,16.9979,3.0732
MPI-ESM1-2-HR,ssp585,2075,16.8963,2.9717
MPI-ESM1-2-HR,ssp585,2076,17.0106,3.086
MPI-ESM1-2-HR,ssp585,2077,17.0009,3.0762
MPI-ESM1-2-HR,ssp585,2078,16.9809,3.0563
MPI-ESM1-2-HR,ssp585,2079,17.2419,3.3173
MPI-ESM1-2-HR,ssp585,2080,17.2829,3.3583
MPI-ESM1-2-HR,ssp585,2081,17.3012,3.3766
MPI-ESM1-2-HR,ssp585,2082,17.3366,3.412
MPI-ESM1-2-HR,ssp585,2083,17.5979,3.6733
MPI-ESM1-2-HR,ssp585,2084,17.4513,3.5267
MPI-ESM1-2-HR,ssp585,2085,17.435,3.5104
MPI-ESM1-2-HR,ssp585,2086,17.3957,3.471
MPI-ESM1-2-HR,ssp585,2087,17.5985,3.6739
MPI-ESM1-2-HR,ssp585,2088,17.6979,3.7733
MPI-ESM1-2-HR,ssp585,2089,17.7004,3.7758
MPI-ESM1-2-HR,ssp585,2090,17.8357,3.9111
MPI-ESM1-2-HR,ssp585,2091,18.0658,4.1412
MPI-ESM1-2-HR,ssp585,2092,17.9823,4.0576
MPI-ESM1-2-HR,ssp585,2093,18.0125,4.0879
MPI-ESM1-2-HR,ssp585,2094,18.056,4.1314
MPI-ESM1-2-HR,ssp585,2095,18.11,4.1854
MPI-ESM1-2-HR,ssp585,2096,18.2095,4.2849
MPI-ESM1-2-HR,ssp585,2097,18.2094,4.2848
MPI-ESM1-2-HR,ssp585,2098,18.2878,4.3632
MPI-ESM1-2-HR,ssp585,2099,18.3082,4.3836
MPI-ESM1-2-HR,ssp585,2100,18.2257,4.3011
